,term,occurrences
0,02,1
1,0320,1
2,036,1
3,043,1
4,0562ms,1
5,10,2
6,100,4
7,100m,1
8,101,1
9,105,4
10,11,4
11,110,1
12,11item,1
13,12,3
14,120,2
15,121,1
16,128128,1
17,130,1
18,142,1
19,15,1
20,16,1
21,18,2
22,18yearold,1
23,19,3
24,1988,1
25,1km,1
26,20,6
27,2000,1
28,200000,1
29,20002017,1
30,20082018,1
31,2009,1
32,2010,1
33,20122013,1
34,20122016,1
35,2014,1
36,20152021,1
37,2017,2
38,20172036,1
39,2018,1
40,2019,1
41,2020,3
42,2021,3
43,2093,1
44,20year,1
45,21,1
46,21st,2
47,221,1
48,24,1
49,241,1
50,25,2
51,25000,1
52,26,1
53,28,1
54,2d,1
55,2dcnn,1
56,30,4
57,30117,1
58,337,1
59,3465,1
60,362,1
61,37,1
62,38,1
63,382,1
64,383,1
65,384,1
66,390,1
67,396,1
68,3d,13
69,40,5
70,401,2
71,413,1
72,421,1
73,432,1
74,437,1
75,441,1
76,468,1
77,475,1
78,48,1
79,4g,1
80,4glte,1
81,4th,1
82,50,1
83,5000,2
84,512512,1
85,53074,1
86,54,2
87,56,1
88,5point,2
89,5yearold,1
90,60,1
91,6667,1
92,68,1
93,6e,4
94,70,1
95,7055,1
96,7333,1
97,75,1
98,7630,1
99,80211b,1
100,8229,1
101,8333,1
102,84,1
103,8404,1
104,848,1
105,8490,1
106,867,1
107,884,1
108,8900,2
109,8904,1
110,90,1
111,900,1
112,9078,1
113,91,1
114,910,1
115,92,2
116,93,1
117,931,1
118,933,1
119,94,1
120,947,2
121,95,3
122,96,1
123,97,1
124,979,1
125,98,2
126,981,1
127,9811,1
128,9816,1
129,99,1
130,9923,1
131,993,1
132,aam,3
133,ababa,1
134,abil,19
135,abl,11
136,abnorm,4
137,abov,1
138,absenc,1
139,absente,2
140,abstract,1
141,academ,19
142,acceleromet,2
143,accept,30
144,access,26
145,accid,6
146,accidents,1
147,accompani,2
148,accomplish,2
149,accord,15
150,accordingly,1
151,account,5
152,accumul,1
153,accur,7
154,accuraci,24
155,achiev,18
156,acm,5
157,acquir,4
158,acquisit,3
159,act,3
160,action,7
161,activ,40
162,activitiesobject,1
163,actor,1
164,actual,2
165,actuat,1
166,ad,4
167,adapt,11
168,addi,5
169,addiss,1
170,addit,25
171,address,14
172,adequ,4
173,adjust,4
174,administ,3
175,administr,3
176,adob,2
177,adolesc,1
178,adopt,27
179,adult,3
180,advanc,6
181,advantag,7
182,advent,1
183,adventur,1
184,advertis,1
185,advisor,4
186,aesthet,3
187,affect,16
188,affirm,1
189,afford,1
190,aft,1
191,afterward,1
192,age,6
193,agenda,1
194,agent,1
195,agre,7
196,agricultur,10
197,ahp,6
198,aid,4
199,aim,52
200,air,8
201,airborn,1
202,aks,3
203,al,1
204,alcohol,1
205,alert,2
206,alexa,1
207,algerian,1
208,algorithm,34
209,algorithms,1
210,align,1
211,aliv,1
212,allah,1
213,alloc,1
214,allow,15
215,almighty,1
216,alon,2
217,alphabet,3
218,alreadi,4
219,altern,9
220,altogeth,1
221,alway,1
222,ambiti,1
223,ambival,2
224,amus,1
225,analog,2
226,analys,11
227,analysi,42
228,analysisaccord,1
229,analyt,4
230,analyz,20
231,anchor,1
232,android,23
233,androidbas,4
234,anggah,3
235,anggahungguh,4
236,angggah,1
237,ani,16
238,anim,6
239,animation,1
240,annual,3
241,anomali,1
242,anoth,7
243,answer,6
244,anteced,1
245,anxieti,2
246,anyth,1
247,anytim,7
248,anywher,7
249,anywherein,1
250,ap,3
251,apart,1
252,api,1
253,app,30
254,appeal,1
255,appear,2
256,appl,2
257,appli,24
258,applianc,2
259,applic,251
260,applict,1
261,apprais,1
262,appreci,1
263,approach,56
264,appropri,12
265,approxim,1
266,appsbas,1
267,ar,24
268,arab,5
269,arabia,2
270,arabian,2
271,arbas,2
272,arc,3
273,archipelago,1
274,architectur,8
275,archiv,1
276,arduino,4
277,area,16
278,arequipa,1
279,arima,1
280,arrang,2
281,art,6
282,articl,10
283,artifact,1
284,artifici,3
285,ascertain,1
286,ask,2
287,aspect,17
288,assembl,1
289,assert,2
290,assess,30
291,asset,3
292,assign,3
293,assist,18
294,associ,7
295,assur,5
296,astronom,1
297,astronomi,1
298,atmospher,1
299,attach,1
300,attack,1
301,attain,3
302,attempt,4
303,attend,3
304,attent,10
305,attitud,14
306,attract,8
307,attribut,5
308,audienc,1
309,audio,5
310,auditori,1
311,aug,3
312,augment,25
313,aurasma,1
314,authent,6
315,author,6
316,autism,6
317,autist,2
318,auto,4
319,autocad,1
320,autom,13
321,automat,8
322,automot,1
323,autoregress,1
324,avail,14
325,avatar,1
326,averag,9
327,avoid,1
328,awar,3
329,azor,3
330,azorean,1
331,bachelor,16
332,backdrop,1
333,backend,1
334,background,5
335,backward,2
336,bad,2
337,bada,1
338,badg,1
339,bahru,1
340,balanc,1
341,bali,2
342,balines,7
343,bandwidth,1
344,bane,1
345,bangkok,1
346,barrier,7
347,base,101
348,based,1
349,basi,1
350,basic,10
351,basicmr,1
352,batara,3
353,batteri,2
354,bay,1
355,bear,1
356,beat,1
357,becam,1
358,becaus,16
359,becom,14
360,befor,2
361,begin,5
362,beginn,3
363,begun,1
364,behav,1
365,behavior,11
366,behaviour,4
367,believ,1
368,benefici,1
369,benefit,11
370,benign,1
371,besid,5
372,best,9
373,better,15
374,bidirect,1
375,big,6
376,billion,2
377,bilstm,1
378,bim,10
379,bimba,1
380,binari,1
381,bioinformat,1
382,bit,1
383,bite,1
384,blackboard,1
385,blackboardbas,1
386,blend,6
387,blind,2
388,block,1
389,blockchain,2
390,bluetooth,4
391,blur,1
392,board,1
393,book,6
394,bookbas,1
395,boon,1
396,boren,1
397,bottleneck,1
398,braill,2
399,brailleon,2
400,brand,7
401,brief,1
402,bring,3
403,broad,3
404,brought,1
405,browser,1
406,build,24
407,builder,1
408,built,6
409,builtin,2
410,bulk,1
411,busi,6
412,bylaw,1
413,calcul,8
414,calibr,1
415,came,1
416,camera,2
417,caml,4
418,campus,6
419,campusspecif,1
420,cancer,1
421,capabl,10
422,capac,4
423,capit,1
424,captur,2
425,card,5
426,care,6
427,career,2
428,carri,14
429,case,19
430,cassava,4
431,cassavachip,1
432,catch,1
433,categor,1
434,categori,6
435,caus,12
436,cctv,1
437,cell,1
438,cellular,2
439,center,1
440,centr,1
441,central,2
442,centric,1
443,centro,1
444,centuri,2
445,ceremoni,1
446,certain,6
447,ceu,1
448,chain,5
449,challeng,17
450,chanc,1
451,chang,12
452,channel,2
453,charact,8
454,character,3
455,characterist,12
456,cheaper,1
457,check,1
458,checklist,1
459,chemic,1
460,chemistri,1
461,chest,1
462,child,3
463,children,23
464,chines,10
465,chip,2
466,choic,2
467,choos,2
468,chosen,2
469,cia,2
470,circumst,2
471,citi,7
472,citizen,1
473,civic,2
474,claim,1
475,class,11
476,classic,2
477,classif,11
478,classifi,12
479,classroom,10
480,clear,1
481,clearer,1
482,client,4
483,clinic,1
484,close,4
485,closur,1
486,cloud,8
487,cloudbas,1
488,cluster,3
489,cnn,3
490,co2,1
491,coastal,1
492,code,1
493,cognit,5
494,cohen,1
495,coher,2
496,collabor,28
497,collect,27
498,colleg,3
499,combat,1
500,combin,15
501,combinatori,2
502,come,3
503,comfort,3
504,comic,4
505,command,2
506,comment,3
507,commerc,1
508,commerci,1
509,commit,3
510,common,13
511,communic,42
512,communiti,4
513,compani,2
514,compar,21
515,comparison,2
516,compat,1
517,compet,7
518,competit,4
519,complaint,1
520,complement,2
521,complementari,1
522,complet,13
523,complex,10
524,complimentari,1
525,compon,9
526,compos,1
527,comprehens,6
528,compris,1
529,compulsori,1
530,comput,32
531,computer,1
532,computerâ,1
533,conceal,1
534,conced,1
535,concept,22
536,conceptu,7
537,concern,9
538,conclud,6
539,conclus,6
540,concret,1
541,concur,1
542,condit,8
543,conduc,1
544,conduct,15
545,conductedsubsequ,1
546,confer,7
547,confidenti,1
548,configur,1
549,confirm,3
550,confus,3
551,congest,1
552,congreg,1
553,connect,13
554,conquer,1
555,consensus,1
556,consequ,4
557,consid,22
558,consider,9
559,consist,19
560,consol,2
561,consolid,2
562,constant,4
563,constitut,1
564,constraint,4
565,construct,14
566,constructiv,2
567,constructivist,2
568,consult,1
569,consum,14
570,consumpt,9
571,consumption,1
572,contain,5
573,contemporari,1
574,content,39
575,context,27
576,contextawar,9
577,contextu,3
578,continu,9
579,contrari,1
580,contrast,1
581,contribut,13
582,control,20
583,conveni,3
584,convent,2
585,convers,3
586,convert,1
587,convey,1
588,convinc,1
589,convolut,5
590,cooper,7
591,coordin,2
592,cope,2
593,copi,1
594,core,4
595,corel,1
596,coronavirus,4
597,correct,4
598,correl,2
599,correspond,5
600,cost,17
601,costeffect,1
602,counsel,3
603,count,1
604,counterpart,1
605,counti,1
606,countri,11
607,coupl,2
608,courier,1
609,cours,35
610,course,1
611,coursedesign,1
612,cover,3
613,coverag,1
614,covid,2
615,covid19,11
616,cpma,1
617,creat,18
618,create,1
619,creation,1
620,creativ,4
621,creator,1
622,credibl,1
623,credit,4
624,crime,1
625,crimin,1
626,crisi,1
627,crispdm,1
628,criteria,6
629,criterion,1
630,critic,11
631,crop,1
632,cross,1
633,crossvalid,1
634,crucial,5
635,cryptographi,1
636,csc,2
637,cscw,3
638,cscwbase,1
639,ct,1
640,cta,3
641,culinari,11
642,cultur,6
643,cumul,1
644,cupcarbon,1
645,curb,1
646,curios,2
647,current,17
648,curv,1
649,custom,10
650,cyber,1
651,cyberattack,1
652,cybersecur,3
653,cycl,3
654,daili,10
655,dairi,1
656,danger,2
657,dashboard,1
658,data,102
659,databas,3
660,dataset,7
661,dataus,1
662,date,1
663,day,1
664,deactiv,1
665,deal,8
666,dealt,1
667,death,2
668,decad,3
669,deceiv,2
670,decid,1
671,decis,17
672,declar,3
673,declin,1
674,decreas,2
675,deduct,1
676,deep,10
677,deepdiv,1
678,default,1
679,defect,3
680,defici,3
681,defin,4
682,definit,3
683,degre,4
684,deiti,2
685,delay,3
686,deliber,1
687,deliv,11
688,deliveri,11
689,delphi,1
690,demand,3
691,demograph,2
692,demonstr,12
693,demotiv,1
694,densiti,4
695,depart,3
696,depend,5
697,depict,1
698,deploy,5
699,depok,1
700,deposit,1
701,depth,1
702,deriv,4
703,describ,15
704,descript,8
705,deserv,1
706,design,86
707,designbas,1
708,designersarchitect,1
709,desir,3
710,desktop,2
711,despit,5
712,detect,24
713,detections,1
714,determin,24
715,develop,170
716,deviat,4
717,devic,91
718,devis,1
719,devot,1
720,dht11,1
721,diagnos,1
722,diagnosi,1
723,diagnost,1
724,diana,1
725,dictionari,5
726,did,3
727,didnât,1
728,differ,41
729,differenti,1
730,difficult,12
731,difficulti,13
732,difficultimport,1
733,digit,16
734,digniti,1
735,dimens,4
736,dimension,1
737,direct,9
738,disabl,4
739,disadvantag,2
740,disciplin,3
741,disciplinari,1
742,disclosur,1
743,discours,1
744,discov,2
745,discuss,11
746,diseas,4
747,disk,1
748,display,6
749,disrupt,2
750,dissatisfact,1
751,dissatisfi,1
752,dissemin,1
753,distanc,20
754,distinct,4
755,distinguish,1
756,distract,1
757,distribut,6
758,district,1
759,diurnal,1
760,divers,2
761,divid,1
762,doctor,1
763,document,3
764,doe,1
765,doesn,1
766,domain,7
767,domest,1
768,domiciliari,1
769,domin,2
770,dont,1
771,download,1
772,downstair,1
773,draft,1
774,dramat,1
775,draw,1
776,drawn,1
777,driven,1
778,driver,3
779,drop,3
780,drown,1
781,drug,3
782,dsi,2
783,dsrc,6
784,dsrccompon,1
785,dual,1
786,durat,3
787,dure,22
788,dust,1
789,dynam,3
790,earli,2
791,earn,1
792,eas,7
793,easi,7
794,easier,1
795,easiest,1
796,easili,9
797,east,1
798,ebook,5
799,ebooks,1
800,eclips,1
801,econom,3
802,economi,1
803,ecr,3
804,edg,2
805,edific,1
806,edit,1
807,edm,1
808,educ,103
809,eeduc,1
810,effect,65
811,efficaci,1
812,effici,27
813,effort,9
814,effortless,1
815,elabor,1
816,elder,6
817,elearn,11
818,electr,7
819,electrolyt,1
820,electromagnet,2
821,electromyographi,1
822,electron,7
823,element,20
824,elementari,6
825,elimin,1
826,email,9
827,emast,3
828,emb,3
829,embark,1
830,embed,4
831,emerg,14
832,emg,1
833,emir,1
834,emot,11
835,emphas,2
836,emphasi,1
837,empir,4
838,employ,16
839,emul,1
840,enabl,12
841,encompass,1
842,encourag,5
843,encrypt,3
844,end,4
845,endless,1
846,endors,1
847,endur,1
848,endus,2
849,enemi,1
850,energi,14
851,engag,9
852,engin,8
853,english,8
854,enhanc,18
855,enjoy,2
856,enorm,1
857,enrich,1
858,enrol,4
859,ensembl,6
860,ensur,8
861,enter,3
862,entertain,3
863,entir,4
864,entiti,1
865,entri,3
866,environ,53
867,environment,1
868,environmentresultsthi,1
869,environmet,1
870,eorient,1
871,epoch,1
872,epub3,1
873,equal,1
874,equat,1
875,equip,4
876,era,6
877,error,3
878,escolar,1
879,esp,4
880,especi,18
881,essenti,8
882,establish,8
883,estim,2
884,etherapi,2
885,ethnic,1
886,eu,1
887,european,3
888,evalu,50
889,evaluationmoreov,1
890,eventu,1
891,evergrow,1
892,everi,4
893,everincreas,1
894,evernot,3
895,everyon,2
896,everyth,1
897,everywher,1
898,evid,1
899,evolut,6
900,evolv,2
901,exact,2
902,exagger,1
903,exam,1
904,examin,13
905,exampl,6
906,exceed,1
907,excel,1
908,exchang,5
909,excit,2
910,exclud,1
911,exercis,5
912,exist,20
913,expand,2
914,expans,1
915,expect,20
916,experi,38
917,experienc,4
918,experimant,1
919,experiment,15
920,expert,20
921,expertis,2
922,explain,1
923,explan,1
924,explanatori,1
925,explicit,4
926,exploit,3
927,explor,16
928,exploratori,2
929,explos,1
930,exponenti,2
931,export,1
932,expos,1
933,express,3
934,extend,5
935,extens,7
936,extern,1
937,extract,7
938,extraordinarili,1
939,extrem,4
940,eye,1
941,face,14
942,facetofac,3
943,facil,6
944,facilit,22
945,facp,1
946,fact,2
947,factor,34
948,faculti,9
949,fail,1
950,failureto,1
951,fake,1
952,fall,1
953,fals,3
954,famili,5
955,far,2
956,farm,2
957,farmer,1
958,fashion,5
959,fast,2
960,faster,4
961,favor,4
962,favour,1
963,fc,8
964,feasibl,3
965,featur,28
966,feedback,9
967,feel,7
968,feldersilverman,1
969,felt,1
970,femal,2
971,fertil,1
972,field,22
973,fiftyf,1
974,fiftytwo,1
975,figure4,1
976,file,2
977,filipino,1
978,filter,2
979,final,14
980,finalyear,1
981,financi,1
982,fingerprint,2
983,finish,2
984,firebas,1
985,fit,1
986,fivepoint,1
987,fix,3
988,flashcardlik,1
989,flashov,3
990,flatten,1
991,flexibl,5
992,flip,1
993,flow,1
994,focus,15
995,focusgroup,1
996,fog,2
997,follow,11
998,followup,2
999,food,3
1000,forc,3
1001,foreign,2
1002,foremost,1
1003,foresaw,1
1004,forest,6
1005,forget,1
1006,form,19
1007,format,6
1008,formul,1
1009,formula,1
1010,fortyseven,1
1011,forward,3
1012,foster,1
1013,foundat,3
1014,fourlay,1
1015,fourteen,1
1016,fraction,1
1017,fragment,1
1018,framework,19
1019,franca,1
1020,fraud,5
1021,fraudster,3
1022,free,2
1023,freeli,1
1024,frequenc,3
1025,frequent,2
1026,friend,1
1027,friendli,1
1028,frnn,1
1029,fslsm,1
1030,fulfil,6
1031,fulli,1
1032,fun,3
1033,function,24
1034,functionalitiescr,1
1035,fund,2
1036,fundament,4
1037,furqon,1
1038,furthermor,8
1039,fusion,1
1040,futur,18
1041,futurist,1
1042,fuzzi,4
1043,fuzzyrough,1
1044,gadget,2
1045,gain,2
1046,gait,11
1047,game,15
1048,gamebas,3
1049,gamebook,1
1050,gamelik,1
1051,gamif,3
1052,gamifi,2
1053,ganesha,1
1054,gap,1
1055,garden,6
1056,gas,2
1057,gase,1
1058,gate,5
1059,gateway,1
1060,gather,11
1061,gaug,1
1062,gay,1
1063,gdss,4
1064,gender,5
1065,genderth,1
1066,general,10
1067,generat,16
1068,genuin,1
1069,geograph,1
1070,geometr,4
1071,geometri,2
1072,german,1
1073,given,14
1074,global,8
1075,globe,1
1076,goal,11
1077,god,1
1078,goe,1
1079,gone,1
1080,goniomet,1
1081,good,15
1082,googl,2
1083,govern,6
1084,gowa,3
1085,gp,1
1086,gprs,1
1087,gps,3
1088,grade,9
1089,gradual,2
1090,graduat,6
1091,grammar,8
1092,graph,1
1093,graphic,4
1094,grasp,3
1095,grayscal,1
1096,great,5
1097,greater,1
1098,greatest,2
1099,green,1
1100,grid,2
1101,ground,3
1102,group,32
1103,grow,4
1104,grown,2
1105,growth,3
1106,guadiana,1
1107,guarante,1
1108,guard,1
1109,guid,2
1110,guidanc,3
1111,guidanceth,1
1112,guidelin,5
1113,gulf,2
1114,gyroscop,4
1115,h0,1
1116,h1,1
1117,haagahelia,1
1118,hacker,1
1119,halal,2
1120,halt,1
1121,hand,4
1122,handheld,2
1123,handl,2
1124,hannafin,1
1125,haphazard,1
1126,happi,1
1127,hard,1
1128,hardwar,4
1129,harm,2
1130,head,2
1131,health,17
1132,healthcar,3
1133,healthi,2
1134,hear,6
1135,hearingimpaired,1
1136,heavili,1
1137,hedon,4
1138,hei,1
1139,heighten,1
1140,help,33
1141,henc,4
1142,heritag,1
1143,hesh,1
1144,heterogen,3
1145,heurist,1
1146,hi,8
1147,hidden,2
1148,hierarch,1
1149,hierarchi,1
1150,high,37
1151,higher,21
1152,highereduc,1
1153,higherlevel,1
1154,highest,4
1155,highlevel,1
1156,highlight,6
1157,highqual,1
1158,hinduism,2
1159,hindus,1
1160,hisher,1
1161,histori,6
1162,hmtd,1
1163,hold,1
1164,holland,1
1165,home,8
1166,homeown,1
1167,hope,1
1168,horizon,1
1169,hospit,1
1170,hour,2
1171,hous,11
1172,househ,1
1173,household,2
1174,housing,1
1175,howev,29
1176,html,1
1177,hub,8
1178,huge,7
1179,human,12
1180,humancentr,1
1181,humanread,1
1182,humantohuman,1
1183,humid,2
1184,hundr,1
1185,hyang,1
1186,hyperloc,1
1187,hypothes,2
1188,hypothesi,4
1189,i3dgm,3
1190,ibook,2
1191,ict,9
1192,ida,1
1193,ide,1
1194,idea,5
1195,ideal,3
1196,ident,3
1197,identif,1
1198,identifi,24
1199,ii,1
1200,ill,1
1201,illeg,1
1202,illustr,4
1203,im,1
1204,imag,19
1205,imagin,1
1206,imaginari,1
1207,imera,1
1208,immers,1
1209,imol,3
1210,impact,15
1211,impair,4
1212,imper,1
1213,implement,52
1214,impli,2
1215,implic,9
1216,import,35
1217,impos,2
1218,impract,1
1219,impress,2
1220,improv,41
1221,inaccur,1
1222,inattent,1
1223,inbox,3
1224,inbuilt,1
1225,incid,1
1226,incident,1
1227,includ,32
1228,inclus,3
1229,incom,1
1230,incompat,1
1231,incomplet,1
1232,inconveni,1
1233,incorpor,5
1234,increas,33
1235,incurs,1
1236,independ,6
1237,indepth,1
1238,indian,3
1239,indic,20
1240,indirect,2
1241,indispens,1
1242,individu,6
1243,indonesia,10
1244,indoor,3
1245,indramayu,1
1246,industri,11
1247,inequ,1
1248,inevit,1
1249,infanc,1
1250,infect,2
1251,inferenti,2
1252,influenc,16
1253,infograph,1
1254,inform,60
1255,informationth,1
1256,infrastructur,8
1257,inher,1
1258,initi,6
1259,injuri,2
1260,innov,18
1261,inpati,1
1262,input,5
1263,inquiri,1
1264,inquirybas,1
1265,insecur,2
1266,insid,1
1267,insight,4
1268,insitu,1
1269,instagram,2
1270,instal,7
1271,instanc,3
1272,instead,5
1273,institut,16
1274,instruct,10
1275,instructor,5
1276,instrument,4
1277,insuffici,1
1278,insul,3
1279,integr,28
1280,intellig,14
1281,intend,2
1282,intens,2
1283,intent,9
1284,interact,32
1285,interfac,6
1286,intermedi,1
1287,intern,3
1288,internet,41
1289,interpret,4
1290,intervent,2
1291,interview,5
1292,intrins,1
1293,introduc,15
1294,introduct,3
1295,introductionmobil,1
1296,introductori,1
1297,intrud,1
1298,invers,1
1299,invest,1
1300,investig,26
1301,involv,11
1302,io,4
1303,iot,60
1304,iotbas,3
1305,iotmaa,1
1306,iov,5
1307,ip,1
1308,ipad,1
1309,irrespons,1
1310,irt,1
1311,isaa,1
1312,islam,2
1313,island,1
1314,iso,1
1315,isol,1
1316,issu,26
1317,item,6
1318,iter,1
1319,itss,2
1320,izakat,3
1321,j48,1
1322,jakarta,1
1323,jami,1
1324,japan,1
1325,japanes,3
1326,java,2
1327,jawi,10
1328,jigsaw,1
1329,job,2
1330,jog,2
1331,john,1
1332,johor,1
1333,jordan,7
1334,journal,1
1335,judgment,1
1336,junior,1
1337,just,2
1338,justif,1
1339,justifi,2
1340,k12,2
1341,kappa,1
1342,kazakh,1
1343,kedah,3
1344,keen,1
1345,key,9
1346,keyboard,1
1347,keyword,1
1348,kind,1
1349,king,2
1350,knearest,3
1351,knime,1
1352,knn,3
1353,know,7
1354,knowledg,28
1355,known,9
1356,korea,1
1357,korean,1
1358,kosygina,1
1359,kuban,1
1360,la,1
1361,lab,2
1362,labor,1
1363,laboratori,1
1364,lack,5
1365,languag,31
1366,languang,1
1367,laptop,1
1368,larg,6
1369,largegroup,1
1370,largescal,1
1371,largest,2
1372,late,2
1373,latenc,1
1374,latent,2
1375,later,4
1376,lawrenc,1
1377,layer,5
1378,layerwis,1
1379,lcl,1
1380,lead,9
1381,leadership,4
1382,leak,1
1383,leakag,1
1384,learn,412
1385,learnabl,2
1386,learner,36
1387,learnersâ,2
1388,learnerâ,4
1389,lectur,6
1390,lecturebas,1
1391,led,2
1392,lee,1
1393,legitim,2
1394,lessen,1
1395,lesson,10
1396,let,1
1397,letter,1
1398,level,31
1399,levelth,1
1400,leverag,2
1401,lexicon,2
1402,liagna,1
1403,liber,1
1404,librari,1
1405,lie,1
1406,life,14
1407,lifecycl,1
1408,lifestyl,2
1409,lifetim,1
1410,light,3
1411,lightweight,2
1412,like,27
1413,likert,3
1414,limelight,1
1415,limit,17
1416,line,4
1417,linear,3
1418,link,2
1419,lisbon,1
1420,listen,2
1421,literaci,3
1422,literatur,15
1423,litratur,1
1424,littl,1
1425,live,4
1426,lms,1
1427,load,1
1428,local,4
1429,locat,15
1430,locationbas,1
1431,locomot,1
1432,locomotor,1
1433,log,2
1434,logic,2
1435,logist,4
1436,lola,1
1437,long,5
1438,longer,1
1439,look,3
1440,loop,1
1441,lora,4
1442,lorawan,2
1443,loss,4
1444,lot,3
1445,low,11
1446,lowcost,1
1447,lowlat,1
1448,lpwan,2
1449,lr,2
1450,lstm,2
1451,lunar,4
1452,lung,2
1453,machin,20
1454,machinelearn,1
1455,magneto,1
1456,magnitud,1
1457,main,20
1458,maintain,5
1459,mainten,13
1460,major,9
1461,make,43
1462,maker,1
1463,malang,1
1464,malaya,1
1465,malaysia,11
1466,malaysian,4
1467,male,2
1468,malici,1
1469,mall,4
1470,malwar,4
1471,manag,49
1472,mandatori,1
1473,manet,9
1474,mani,26
1475,manifest,1
1476,manipul,2
1477,manner,4
1478,mannwhitney,2
1479,manual,2
1480,manufactur,2
1481,map,1
1482,mar,5
1483,march,1
1484,margin,1
1485,marhim,3
1486,mark,1
1487,markerless,1
1488,market,8
1489,marketplac,1
1490,marpex,2
1491,mass,1
1492,massiv,2
1493,master,1
1494,match,2
1495,materi,14
1496,materials,1
1497,materialsappl,1
1498,matern,1
1499,maternalchild,1
1500,mathemat,3
1501,matlab,2
1502,matrix,2
1503,matter,3
1504,mavbt,2
1505,mawl,4
1506,max,1
1507,maxim,1
1508,maximis,1
1509,maximum,2
1510,mbt,1
1511,mcl,4
1512,mct,4
1513,mean,13
1514,meaning,8
1515,meanwhil,2
1516,measur,28
1517,mechan,10
1518,media,34
1519,mediat,1
1520,medic,6
1521,medicin,4
1522,medium,5
1523,meet,8
1524,mega,1
1525,member,8
1526,memori,2
1527,memrg,4
1528,mental,1
1529,mention,3
1530,mentor,1
1531,menu,1
1532,menus,2
1533,merg,2
1534,merit,1
1535,messag,11
1536,metaanalysi,1
1537,metaclassifi,1
1538,metavers,4
1539,meter,2
1540,method,60
1541,methodolog,13
1542,metric,2
1543,microb,5
1544,microcontrol,2
1545,microorgan,1
1546,middl,1
1547,middlewar,1
1548,militari,1
1549,milk,2
1550,mindset,1
1551,minim,9
1552,minimum,1
1553,ministri,1
1554,minor,1
1555,mission,1
1556,misus,1
1557,mitig,2
1558,mix,2
1559,mixedmethod,2
1560,mixtur,1
1561,mjhg,3
1562,ml,11
1563,mlearn,23
1564,mobil,354
1565,mobilebas,3
1566,mobilelearn,1
1567,mobiletabletbas,1
1568,mococo,2
1569,mode,4
1570,model,94
1571,modelbas,5
1572,moder,3
1573,modern,5
1574,modif,1
1575,modifi,4
1576,modul,12
1577,modular,1
1578,moistur,1
1579,moment,1
1580,monetari,1
1581,monitor,22
1582,month,1
1583,moon,2
1584,moreov,7
1585,moscow,1
1586,mother,1
1587,motherboard,1
1588,motion,1
1589,motiv,35
1590,movement,5
1591,mq135,1
1592,mr,1
1593,multi,2
1594,multicriteria,1
1595,multiethn,1
1596,multilay,1
1597,multilingu,5
1598,multilingual,2
1599,multimedia,4
1600,multipl,7
1601,multiti,1
1602,multiviewpoint,2
1603,museum,5
1604,mushra,1
1605,music,1
1606,musicalmobil,1
1607,muslim,8
1608,mutat,1
1609,mutuat,1
1610,mvarml,3
1611,mvsarl,2
1612,n2,1
1613,nation,3
1614,natur,10
1615,navig,2
1616,naïv,1
1617,nearest,3
1618,necess,1
1619,necessari,4
1620,necessarili,2
1621,need,49
1622,negat,3
1623,neighbor,3
1624,neighbour,2
1625,net,1
1626,network,33
1627,neural,6
1628,new,53
1629,newer,1
1630,newest,1
1631,news,2
1632,nich,1
1633,nigeria,1
1634,nintendo,2
1635,nlp,1
1636,node,7
1637,nodemcu,1
1638,nodul,1
1639,nonact,1
1640,nonautom,1
1641,nonconvent,1
1642,nonenglish,1
1643,nonetheless,1
1644,nonfunct,1
1645,noninvas,1
1646,nonlocomotor,1
1647,nonmuslim,1
1648,nonparametr,1
1649,nontrivi,1
1650,norm,1
1651,normal,6
1652,norms,1
1653,notabl,2
1654,note,5
1655,notebook,1
1656,notif,3
1657,novel,6
1658,nowaday,7
1659,ns3,1
1660,null,1
1661,number,21
1662,numer,2
1663,nurs,3
1664,nvivo10,1
1665,object,27
1666,obl,1
1667,observ,17
1668,observationbas,1
1669,obstacl,2
1670,obtain,16
1671,occasion,1
1672,occur,4
1673,occurr,1
1674,offer,7
1675,offic,1
1676,offlin,1
1677,old,2
1678,olymp,1
1679,om,6
1680,oman,2
1681,onboard,1
1682,oneparamet,1
1683,ongo,1
1684,onli,14
1685,onlin,33
1686,onsit,1
1687,onthego,1
1688,ontolog,4
1689,open,10
1690,opensourc,2
1691,oper,13
1692,opinion,2
1693,opportun,11
1694,optim,8
1695,optimum,2
1696,option,2
1697,order,22
1698,organ,6
1699,organiz,1
1700,orient,6
1701,origin,1
1702,outag,1
1703,outbreak,1
1704,outcom,7
1705,outlin,1
1706,outpatientsthi,1
1707,outperform,4
1708,output,1
1709,outsid,5
1710,overal,7
1711,overcam,1
1712,overcom,4
1713,overhead,2
1714,overload,1
1715,overview,4
1716,owe,1
1717,owen,1
1718,ownership,1
1719,oxyd,1
1720,pace,2
1721,packag,3
1722,packet,4
1723,pacmad,1
1724,page,1
1725,pama,1
1726,pandem,10
1727,panel,2
1728,paper,83
1729,paperto,1
1730,paperwithout,1
1731,paradigm,5
1732,parallel,2
1733,paramet,7
1734,parametr,1
1735,parent,8
1736,park,1
1737,particip,9
1738,particl,1
1739,particular,11
1740,partnership,1
1741,pass,1
1742,password,1
1743,past,3
1744,path,11
1745,patient,2
1746,pattern,9
1747,pay,2
1748,pc,2
1749,pcs,3
1750,pdas,1
1751,pdf,2
1752,pe,2
1753,peak,1
1754,peatland,2
1755,pec,1
1756,peck,1
1757,pedagog,9
1758,pedagogi,3
1759,penang,1
1760,pendidikan,1
1761,pentium4,1
1762,peopl,34
1763,peopleâ,1
1764,perceiv,11
1765,percentag,9
1766,percept,8
1767,perceptron,1
1768,perfect,1
1769,perform,34
1770,period,5
1771,peripher,2
1772,permit,1
1773,perpetr,1
1774,person,18
1775,perspect,3
1776,pertin,1
1777,peru,1
1778,pharmaceut,1
1779,pharmaci,1
1780,pharmacist,1
1781,phase,10
1782,phayao,3
1783,phenomena,2
1784,phenomenon,4
1785,phish,10
1786,phone,23
1787,phonein,1
1788,physic,9
1789,physician,1
1790,pi3,1
1791,pianist,1
1792,piano,4
1793,pictur,3
1794,pid,1
1795,pie,1
1796,pile,1
1797,pilot,1
1798,pirat,1
1799,pivot,1
1800,pixel,2
1801,place,4
1802,plan,12
1803,plant,10
1804,platform,17
1805,play,9
1806,pleasant,1
1807,pocketwaist,1
1808,point,5
1809,pole,1
1810,polici,2
1811,policymak,1
1812,pollut,1
1813,polynomi,1
1814,polytechn,3
1815,pool,2
1816,poor,1
1817,popul,8
1818,populac,1
1819,popular,7
1820,portabl,4
1821,portag,1
1822,portal,2
1823,portion,1
1824,portugues,2
1825,pose,2
1826,posit,32
1827,possess,1
1828,possibl,20
1829,post,2
1830,postconstruct,2
1831,poster,1
1832,postprocess,1
1833,posttest,8
1834,potent,1
1835,potenti,20
1836,power,17
1837,prachautit,1
1838,practic,19
1839,practition,2
1840,prayer,1
1841,pre,4
1842,precari,1
1843,precis,3
1844,preconstruct,1
1845,predefin,1
1846,predic,1
1847,predict,15
1848,predictor,2
1849,preexperiment,2
1850,prefer,12
1851,preliminari,3
1852,prepar,5
1853,preprocess,3
1854,preschool,7
1855,presenc,3
1856,present,43
1857,preserv,1
1858,preservic,4
1859,press,1
1860,pressur,1
1861,pretest,7
1862,preval,1
1863,prevent,8
1864,previous,8
1865,primari,8
1866,principl,3
1867,print,3
1868,priorit,2
1869,prioriti,1
1870,privaci,3
1871,privat,9
1872,pro,1
1873,probabl,1
1874,problem,26
1875,problemat,2
1876,procedur,8
1877,proceed,1
1878,process,81
1879,produc,7
1880,product,24
1881,profession,7
1882,professor,1
1883,profici,3
1884,profil,4
1885,profit,1
1886,program,8
1887,programm,1
1888,progress,4
1889,project,27
1890,projects,1
1891,prolifer,2
1892,promin,1
1893,promis,4
1894,promot,7
1895,prone,1
1896,proof,2
1897,proofofconcept,1
1898,proper,6
1899,properti,1
1900,proport,1
1901,propos,51
1902,proprietari,1
1903,proprieti,1
1904,proprur,1
1905,prospect,2
1906,protechnolog,2
1907,protect,1
1908,protocol,3
1909,prototyp,16
1910,prove,2
1911,proven,4
1912,provid,49
1913,provis,1
1914,proxim,2
1915,prêtàporter,2
1916,psycholog,4
1917,psychopedagog,1
1918,public,13
1919,publish,5
1920,pull,1
1921,pupil,4
1922,purifi,1
1923,purpos,25
1924,pursu,3
1925,pursuits,1
1926,push,1
1927,qassim,1
1928,qoe,4
1929,qos,2
1930,quadrat,1
1931,qualifi,1
1932,qualit,10
1933,qualiti,45
1934,qualityofexperi,1
1935,qualityofservic,1
1936,qualityrel,1
1937,quantifi,2
1938,quantit,10
1939,quasiexperiment,2
1940,queri,1
1941,question,14
1942,questionnair,24
1943,questionnaireansw,1
1944,quick,1
1945,quit,1
1946,quiz,1
1947,quota,1
1948,r2018b,1
1949,radic,6
1950,radiocommun,1
1951,rais,5
1952,random,7
1953,rang,6
1954,rank,3
1955,rapid,9
1956,rare,2
1957,rasch,5
1958,raspberri,2
1959,rate,13
1960,ratio,3
1961,raw,3
1962,rd,1
1963,rdf,4
1964,reach,5
1965,reaction,3
1966,read,9
1967,reader,1
1968,readi,1
1969,real,17
1970,realist,3
1971,realiti,32
1972,reality,2
1973,realiz,1
1974,realize,1
1975,realli,1
1976,reallif,1
1977,realtim,4
1978,realworld,5
1979,reason,6
1980,recal,1
1981,receiv,9
1982,recent,11
1983,recipi,1
1984,recogn,6
1985,recognit,9
1986,recommend,23
1987,record,3
1988,redesign,1
1989,redokspro,1
1990,redox,2
1991,reduc,8
1992,reduct,2
1993,refer,4
1994,reflect,8
1995,regain,1
1996,regard,11
1997,regardless,1
1998,region,10
1999,regist,1
2000,regress,10
2001,regul,2
2002,regular,1
2003,reinforc,1
2004,reject,1
2005,relat,23
2006,relationship,5
2007,releas,1
2008,relev,12
2009,reli,3
2010,reliabl,5
2011,religi,1
2012,remain,1
2013,remark,1
2014,remedi,4
2015,rememb,2
2016,remind,1
2017,remot,4
2018,repair,2
2019,repeat,1
2020,replac,1
2021,repli,1
2022,replic,1
2023,report,8
2024,repositori,1
2025,repres,4
2026,represent,3
2027,reput,1
2028,request,1
2029,requir,28
2030,rescu,1
2031,research,117
2032,researchanddevelop,1
2033,residenti,2
2034,resist,3
2035,resiz,1
2036,resolut,1
2037,resourc,13
2038,respect,5
2039,respond,8
2040,respons,12
2041,restrict,2
2042,result,113
2043,resultsa,1
2044,retail,2
2045,retard,1
2046,retent,2
2047,rethink,1
2048,retina,1
2049,retriev,5
2050,reveal,13
2051,revers,1
2052,review,30
2053,revis,2
2054,revit,1
2055,revolut,1
2056,reward,1
2057,rf,1
2058,riasec,1
2059,riau,2
2060,rideshar,1
2061,right,2
2062,rigor,1
2063,rise,2
2064,risk,3
2065,ritual,1
2066,river,1
2067,rme,2
2068,rmse,1
2069,robust,4
2070,roc,1
2071,role,7
2072,roman,1
2073,room,2
2074,round,1
2075,rout,3
2076,router,1
2077,rrealiti,1
2078,rss,1
2079,rsss,1
2080,rubric,2
2081,rule,2
2082,run,5
2083,rural,4
2084,ruralurban,1
2085,russian,3
2086,sa,3
2087,safeti,3
2088,sain,6
2089,sake,1
2090,salt,1
2091,sampl,17
2092,samsung,1
2093,samviq,1
2094,sang,1
2095,satisfact,11
2096,satisfi,5
2097,saud,2
2098,saudi,4
2099,save,4
2100,savvi,1
2101,say,2
2102,sc,1
2103,scaffold,1
2104,scalabl,5
2105,scale,8
2106,scan,3
2107,scata,1
2108,scenario,5
2109,scenariobas,1
2110,schedul,1
2111,schema,3
2112,scheme,1
2113,scholar,1
2114,school,29
2115,scienc,28
2116,scientif,14
2117,scilab,1
2118,scope,1
2119,score,15
2120,scores3,1
2121,screen,7
2122,script,8
2123,scrum,1
2124,sdlc,2
2125,seamless,1
2126,search,11
2127,sechenov,1
2128,second,6
2129,secondari,2
2130,secret,1
2131,secretkey,1
2132,section,1
2133,sector,9
2134,secur,24
2135,seed,1
2136,seek,2
2137,seen,2
2138,segment,1
2139,select,22
2140,selection,1
2141,selfcreat,1
2142,selfdesign,1
2143,selfefficaci,5
2144,selfefficacy,1
2145,selfmanag,2
2146,selfregul,1
2147,selfstudi,1
2148,semant,6
2149,semest,1
2150,semin,1
2151,send,6
2152,sender,8
2153,senior,2
2154,sens,5
2155,sensit,2
2156,sensor,38
2157,sensorbodi,1
2158,sensori,2
2159,sensors,1
2160,sent,5
2161,sentenc,1
2162,sentiment,4
2163,separ,1
2164,sequenc,2
2165,sequenti,3
2166,serbiath,1
2167,seri,3
2168,serv,10
2169,server,8
2170,servic,38
2171,servicebas,1
2172,session,3
2173,set,20
2174,setback,1
2175,settl,1
2176,setup,1
2177,seven,2
2178,seventhgrad,3
2179,sever,20
2180,sf,2
2181,shana,1
2182,shape,1
2183,share,12
2184,shed,2
2185,sheet,2
2186,shift,1
2187,short,5
2188,shortag,2
2189,shortansw,1
2190,shortcom,3
2191,shortest,1
2192,shortrang,1
2193,shortterm,1
2194,shown,4
2195,signal,2
2196,signaturebas,1
2197,signific,19
2198,sim,1
2199,similar,7
2200,simpl,4
2201,simplifi,4
2202,simul,10
2203,simultan,2
2204,sinc,13
2205,sincer,1
2206,singl,1
2207,singlefamili,1
2208,sinric,1
2209,sit,3
2210,site,6
2211,sittinginacar,2
2212,situat,7
2213,size,6
2214,skill,39
2215,skillsbas,1
2216,skip,1
2217,slovin,1
2218,slow,1
2219,small,11
2220,smaller,2
2221,smart,36
2222,smarter,1
2223,smartphon,18
2224,smartphonebas,1
2225,smartphonesth,1
2226,smartpl,1
2227,smartwatch,3
2228,smd,1
2229,smds,2
2230,smo,1
2231,smoke,1
2232,smp,3
2233,sms,13
2234,smslearn,4
2235,socal,1
2236,social,26
2237,societ,1
2238,societi,4
2239,societyin,1
2240,soft,1
2241,softwar,12
2242,soil,1
2243,solar,4
2244,sole,1
2245,solid,1
2246,solut,14
2247,solv,9
2248,sometim,1
2249,sophist,1
2250,soul,1
2251,sound,3
2252,sourc,5
2253,south,2
2254,space,4
2255,spam,1
2256,spammer,1
2257,span,1
2258,spanish,3
2259,spatial,1
2260,speak,5
2261,speaker,1
2262,special,6
2263,specif,23
2264,specifi,2
2265,spectrum,5
2266,speech,2
2267,speed,1
2268,spell,5
2269,spend,1
2270,spite,1
2271,split,1
2272,splitcor,1
2273,spoken,1
2274,sport,1
2275,spot,1
2276,spread,4
2277,spss,2
2278,spss20,1
2279,ssn,1
2280,stabil,2
2281,stabl,1
2282,stack,1
2283,staff,7
2284,stage,5
2285,stakehold,7
2286,stand,3
2287,standard,8
2288,stare,1
2289,start,10
2290,state,8
2291,stateofart,1
2292,stateofth,1
2293,stateoftheart,1
2294,static,1
2295,station,2
2296,stationari,1
2297,statist,7
2298,status,2
2299,statutori,1
2300,stay,1
2301,steal,3
2302,steganographi,2
2303,stegoimag,1
2304,stenograph,1
2305,step,6
2306,stepsfrom,1
2307,stimuli,4
2308,stimulus,2
2309,stopreplaybackward,1
2310,storag,6
2311,store,7
2312,stori,3
2313,stradivarius,1
2314,strata,1
2315,strateg,1
2316,strategi,6
2317,stratif,1
2318,stratifi,1
2319,strength,6
2320,strengthen,2
2321,strive,1
2322,strong,7
2323,stronger,1
2324,structur,7
2325,struggl,1
2326,student,196
2327,studentrespond,1
2328,studentsth,1
2329,studentsâ,4
2330,studentâ,1
2331,studi,165
2332,studio,1
2333,study,1
2334,style,4
2335,subdistrict,1
2336,subject,20
2337,subscrib,2
2338,subset,1
2339,substanti,1
2340,subsystem,1
2341,succeed,2
2342,success,24
2343,suffer,2
2344,suffici,2
2345,suggest,10
2346,suit,1
2347,suitabl,8
2348,summar,2
2349,summari,1
2350,sumup,1
2351,super,1
2352,superior,1
2353,suppli,9
2354,support,60
2355,suppos,1
2356,surfac,3
2357,surpris,1
2358,surround,1
2359,surveil,3
2360,survey,21
2361,suspicion,1
2362,sustain,3
2363,svm,3
2364,syllabl,2
2365,synchron,2
2366,syntax,1
2367,synthes,2
2368,systemat,5
2369,tabl,1
2370,tablet,10
2371,tabul,1
2372,tabular,1
2373,tackl,1
2374,tactic,1
2375,tailor,2
2376,taken,13
2377,tam,3
2378,tamrel,1
2379,target,4
2380,tariff,1
2381,task,20
2382,taskbas,1
2383,taught,3
2384,taxonom,1
2385,teach,36
2386,teacher,32
2387,teachinglearn,2
2388,technic,9
2389,techniqu,30
2390,technoeduc,1
2391,technolog,108
2392,technologiesthat,1
2393,technology,1
2394,technologyassist,1
2395,technologycentr,1
2396,technologytherefor,1
2397,telecommun,1
2398,telephon,1
2399,telm,1
2400,temperatur,1
2401,tend,2
2402,terengganu,1
2403,term,18
2404,terrestri,1
2405,tertiari,3
2406,test,49
2407,text,16
2408,th,2
2409,thai,2
2410,thailand,8
2411,thank,1
2412,theinconveni,1
2413,themat,2
2414,theme,3
2415,themselv,2
2416,theoret,6
2417,theori,10
2418,therebi,1
2419,therefor,22
2420,thermoopt,1
2421,thing,23
2422,think,8
2423,thirdparti,1
2424,thirtyfour,1
2425,thirtythre,1
2426,thorough,2
2427,threat,5
2428,threedimension,1
2429,throughput,1
2430,tigirigina,1
2431,tigray,1
2432,tigrigina,1
2433,tigrigna,12
2434,till,1
2435,time,33
2436,timeconsum,1
2437,tit,1
2438,titl,1
2439,today,5
2440,todaycscw,1
2441,togeth,3
2442,tokyo,1
2443,tongu,1
2444,took,2
2445,tool,54
2446,toolconclusioni,1
2447,toolmethod,1
2448,topic,11
2449,topsi,8
2450,total,6
2451,touch,1
2452,touchscreen,1
2453,tourism,3
2454,tourist,2
2455,traceabl,1
2456,track,5
2457,trade,2
2458,tradit,9
2459,traffic,7
2460,train,10
2461,trainer,1
2462,trait,2
2463,transact,3
2464,transfer,5
2465,transform,4
2466,transmiss,3
2467,transmit,3
2468,transport,9
2469,treatment,3
2470,tree,2
2471,trend,4
2472,trespass,1
2473,tri,5
2474,triadbas,2
2475,trial,1
2476,triangul,1
2477,trigger,3
2478,true,4
2479,trust,2
2480,tsit,5
2481,ttabl,1
2482,ttest,4
2483,ttsspeechrecognizerint,1
2484,ttsspeechspeechtotext,1
2485,turn,2
2486,tutor,2
2487,tutori,3
2488,tv,1
2489,twelv,1
2490,twentythre,1
2491,type,11
2492,typic,2
2493,typolog,2
2494,uae,5
2495,ubiquit,5
2496,ultim,2
2497,umt,1
2498,unauthor,1
2499,unavail,1
2500,uncertainti,1
2501,unconstrain,1
2502,uncontrol,1
2503,underachiev,1
2504,undergon,1
2505,undergradu,2
2506,underli,1
2507,underpin,1
2508,underrepres,1
2509,understand,29
2510,understood,2
2511,undertaken,2
2512,unexpect,2
2513,unexplor,2
2514,unfortun,3
2515,ungguh,4
2516,unifi,4
2517,uniqu,2
2518,unit,2
2519,uniti,1
2520,univers,49
2521,universita,1
2522,unknown,3
2523,unload,1
2524,uno,2
2525,unpalat,1
2526,unpreced,1
2527,unreli,1
2528,unresolv,2
2529,unsolicit,1
2530,unsur,1
2531,unveil,2
2532,updat,1
2533,upload,1
2534,upstair,1
2535,urban,1
2536,urgent,1
2537,url,1
2538,usabl,29
2539,usag,9
2540,use,344
2541,usecas,1
2542,used,1
2543,usefindingsin,1
2544,useless,1
2545,user,72
2546,usercent,1
2547,usercentr,3
2548,userinterfac,1
2549,usual,1
2550,utaut,3
2551,utaut2,1
2552,util,21
2553,utilis,2
2554,utilityvalu,1
2555,utmost,2
2556,ux,16
2557,v2x,1
2558,valid,11
2559,validityfeas,1
2560,validprop,1
2561,valu,19
2562,valuabl,2
2563,valuat,1
2564,vari,2
2565,variabl,4
2566,varianc,1
2567,variat,1
2568,varieti,4
2569,various,26
2570,vast,1
2571,vector,4
2572,vehicl,4
2573,vehicular,3
2574,veri,18
2575,versatil,1
2576,version,5
2577,victim,1
2578,video,11
2579,vietnam,1
2580,view,2
2581,vii,1
2582,vii1,1
2583,viii,1
2584,virtual,15
2585,virus,2
2586,visit,4
2587,visitor,9
2588,visual,10
2589,visuallyimpair,1
2590,vital,3
2591,viz,1
2592,vmethod,1
2593,vns,1
2594,vocabulari,8
2595,vocat,3
2596,voic,5
2597,voise,1
2598,voltag,1
2599,volum,1
2600,volunt,1
2601,voluntari,1
2602,vote,1
2603,vr,2
2604,vs,1
2605,vulner,1
2606,wait,1
2607,walk,9
2608,want,5
2609,war,1
2610,ward,1
2611,warn,1
2612,wasa,1
2613,wasit,1
2614,wast,1
2615,watch,2
2616,water,5
2617,waterfal,1
2618,wave,2
2619,wavelet,1
2620,way,15
2621,waythi,1
2622,weak,2
2623,wealth,1
2624,wear,1
2625,wearabl,9
2626,web,12
2627,webbas,3
2628,webcam,1
2629,webpag,2
2630,websit,6
2631,week,1
2632,weka,1
2633,weld,13
2634,welfar,1
2635,wellknown,2
2636,wellsustain,1
2637,went,1
2638,whatsapp,1
2639,wherea,1
2640,wherebi,2
2641,whi,4
2642,whilst,1
2643,wide,10
2644,widespread,3
2645,widhi,1
2646,wifi,2
2647,william,1
2648,wind,1
2649,wireless,14
2650,wirelessmobil,1
2651,witai,1
2652,word,8
2653,wordtoword,1
2654,work,35
2655,worker,1
2656,workflow,1
2657,workplac,1
2658,worksheet,1
2659,workshop,1
2660,workspac,1
2661,world,22
2662,worldwid,3
2663,wot,2
2664,wotmas2,1
2665,wots,1
2666,wotseour,1
2667,wrist,1
2668,write,7
2669,xray,1
2670,year,15
2671,yield,1
2672,young,4
2673,younger,2
2674,zakat,13
2675,zara,1
2676,zeroday,1
2677,zoom,1
2678,âconveni,1
2679,âconversationâ,1
