,0,year
14,mobilelearning,2007
48,mobilelearning,2022
68,mobilelearning,2022
77,mobilelearning,2022
92,mobilelearning,2022
93,mobilelearning,2022
95,mobilelearning,2022
108,mobilelearning,2021
121,mobilelearning,2021
180,mobilelearning,2021
196,mobilelearning,2010
206,mobilelearning,2011
207,mobilelearning,2011
208,mobilelearning,2011
210,mobilelearning,2010
216,mobilelearning,2010
217,mobilelearning,2010
222,mobilelearning,2010
223,mobilelearning,2010
226,mobilelearning,2010
229,mobilelearning,2010
230,mobilelearning,2010
235,mobilelearning,2009
238,mobilelearning,2009
248,mobilelearning,2009
249,mobilelearning,2009
258,mobilelearning,2009
270,mobilelearning,2009
274,mobilelearning,2009
277,mobilelearning,2008
282,mobilelearning,2009
283,mobilelearning,2009
284,mobilelearning,2009
285,mobilelearning,2008
297,mobilelearning,2008
298,mobilelearning,2008
302,mobilelearning,2008
306,mobilelearning,2008
310,mobilelearning,2008
313,mobilelearning,2013
315,mobilelearning,2015
318,mobilelearning,2015
329,mobilelearning,2015
330,mobilelearning,2015
332,mobilelearning,2015
333,mobilelearning,2015
334,mobilelearning,2015
342,mobilelearning,2015
344,mobilelearning,2015
350,mobilelearning,2015
352,mobilelearning,2015
355,mobilelearning,2015
358,mobilelearning,2014
371,mobilelearning,2014
377,mobilelearning,2014
379,mobilelearning,2014
384,mobilelearning,2014
386,mobilelearning,2013
403,mobilelearning,2013
405,mobilelearning,2013
445,mobilelearning,2011
448,mobilelearning,2011
460,mobilelearning,2018
474,mobilelearning,2018
481,mobilelearning,2018
489,mobilelearning,2018
500,mobilelearning,2018
501,mobilelearning,2018
512,mobilelearning,2018
513,mobilelearning,2018
514,mobilelearning,2018
515,mobilelearning,2018
519,mobilelearning,2018
523,mobilelearning,2018
573,mobilelearning,2017
581,mobilelearning,2017
592,mobilelearning,2017
596,mobilelearning,2017
598,mobilelearning,2017
603,mobilelearning,2016
604,mobilelearning,2016
609,mobilelearning,2016
617,mobilelearning,2016
618,mobilelearning,2016
629,mobilelearning,2016
631,mobilelearning,2016
637,mobilelearning,2016
649,mobilelearning,2019
668,mobilelearning,2020
669,mobilelearning,2020
683,mobilelearning,2020
690,mobilelearning,2019
702,mobilelearning,2019
712,mobilelearning,2019
715,mobilelearning,2019
727,mobilelearning,2019
745,mobilelearning,2019
746,mobilelearning,2019
750,mobilelearning,2019
770,mobilelearning,2019
817,mobilelearning,2019
843,mobilelearning,2020
859,mobilelearning,2020
860,mobilelearning,2020
861,mobilelearning,2020
862,mobilelearning,2020
863,mobilelearning,2020
864,mobilelearning,2020
865,mobilelearning,2020
866,mobilelearning,2020
867,mobilelearning,2020
885,mobilelearning,2020
886,mobilelearning,2020
950,mobilelearning,2020
979,mobilelearning,2020
980,mobilelearning,2020
1013,mobilelearning,2020
1018,mobilelearning,2020
1033,mobilelearning,2020
1040,mobilelearning,2020
1051,mobilelearning,2020
1102,mobilelearning,2022
1109,mobilelearning,2022
1112,mobilelearning,2022
1122,mobilelearning,2022
1128,mobilelearning,2021
1171,mobilelearning,2021
1174,mobilelearning,2021
1183,mobilelearning,2021
1202,mobilelearning,2021
1258,mobilelearning,2021
1261,mobilelearning,2021
1274,mobilelearning,2021
1275,mobilelearning,2021
1281,mobilelearning,2021
1283,mobilelearning,2021
1284,mobilelearning,2021
