,0
 mobile learning,79
mobile learning,56
 mobile application,39
m-learning,35
 m-learning,32
 e-learning,31
augmented reality,26
 higher education,26
 android,24
 ,24
 mobile devices,24
 augmented reality,24
e-learning,22
 online learning,18
 mobile,18
 learning,17
 iot,17
 smartphone,15
 mobile technology,13
 mobile applications,13
 covid-19,13
mobile application,13
 usability,12
 machine learning,12
 motivation,11
 education,11
 security,11
internet of things,10
 smartphones,10
virtual reality,10
 blended learning,9
 mobile apps,9
 collaborative learning,9
 virtual reality,9
iot,9
 cloud computing,9
 social media,9
 internet of things,9
 multimedia,9
 learning media,9
 gamification,9
android,9
 user-centered design,8
 educational technology,8
 moodle,8
 sms,8
 mobile phones,8
 distance learning,8
 user experience,8
 mobile computing,8
blended learning,7
usability,7
 engineering education,7
covid-19,7
 framework,7
 rfid,7
 sensors,7
 mobile phone,7
 perception,7
social media,7
 mobile application.,7
mobile augmented reality,7
 distance education,6
 bibliometric analysis,6
 learning outcomes,6
 privacy,6
internet of things (iot),6
 trust,6
 social networks,6
 mobile app,6
gamification,6
 computational thinking,6
 arduino,5
mobile technologies,5
 technology,5
mobile apps,5
 attitudes,5
 perceptions,5
 deep learning,5
 ict,5
mobile applications,5
higher education,5
 technology acceptance model (tam),5
 sentiment analysis,5
 evaluation,5
 covid-19 pandemic,5
artificial intelligence,5
mobile technology,5
 chemistry,5
manet,5
education,5
 internet,5
 routing,5
 malaysia,5
 mobile technologies,5
 information technology,5
keywords,4
 mobile device,4
 tam,4
 smart home,4
 wireless sensor network,4
 authentication,4
 communication,4
 application,4
 self-efficacy,4
 students,4
 local wisdom,4
 performance,4
 manet,4
 speech recognition,4
 raspberry pi,4
 engagement,4
game-based learning,4
 critical thinking skills,4
 critical thinking,4
 quality of life,4
user experience,4
 human computer interaction,4
 technology acceptance model,4
mobile phone,4
mobile app,4
 mathematics,4
 sensor,4
 nfc,4
 throughput,4
 cryptography,4
 utaut,4
 accelerometer,4
 data analysis,4
 learning management system,4
 interaction design,4
 context awareness,4
technology,4
 emerging technologies,4
 children,4
 ontology,4
 assessment,4
deep learning,4
 mobile assisted language learning,4
 artificial intelligence,4
 knowledge management,4
 science,4
mobile devices,4
 learning motivation,4
 primary school,4
 big data,4
 smartphone application,4
 interaction,4
 dsdv,3
smartphone,3
 simulation,3
 e-government,3
educational games,3
 data mining,3
 educational games,3
 context,3
learning management system,3
 physics,3
 unity3d,3
 personalization,3
 aodv,3
 natural language processing,3
 reliability,3
 mlearning,3
 remote laboratory,3
 ios,3
 higher order thinking skills,3
 interoperability,3
 cnn,3
 systematic review,3
flipped classroom,3
 web 2.0,3
 teaching and learning,3
 collaboration,3
industry 4.0,3
 perceived usefulness,3
 content,3
 mooc,3
mooc,3
 perceived ease of use,3
 survey,3
 rdf,3
 online,3
 gsm,3
 autism,3
 j2me,3
 personalized learning,3
 platforms,3
 consumer acceptance,3
 website,3
 ar,3
 labview,3
 context-aware,3
mobile cloud computing,3
 classification,3
 ubiquitous learning,3
 smart devices,3
 user interface,3
 power consumption,3
 special education,3
 language learning,3
 random forest,3
 qos,3
 interactive,3
 tourism,3
 mobile commerce,3
 game based learning,3
 gpsr,3
 naïve bayes,3
cloud computing,3
 semantic web,3
 technology enhanced learning,3
sentiment analysis,3
 jordan,3
 quality assurance,3
 mobile augmented reality,3
 api,3
 ensemble,3
 e-assessment,3
 web services,3
 saudi arabia,3
 storytelling,3
 interactive multimedia,3
 usability evaluation,3
 covid 19,3
 cloud,3
 authentic learning,3
 service quality,3
 learning style,3
 technology adoption,3
 remote control,3
 english language learning,3
 social distancing,3
 crowdsourcing,3
 energy efficiency,3
 vosviewer,3
e-commerce,3
 scopus,3
 mobile communication,3
 digital marketing,3
 secondary education,3
 image processing,3
 routing protocol,3
 thailand,3
 mobile usability,2
 mobility,2
 culinary,2
 user-centred design,2
fraud detection,2
 analysis,2
big data,2
wireless sensor network,2
 effort expectancy,2
 rss fingerprint,2
 face recognition,2
security,2
 amplitude shift keying,2
 learning management systems,2
 risk assessment,2
 mobile payment,2
 remote laboratories,2
 information security,2
 k-nearest neighbor,2
 mediation,2
 psnr,2
 content adaptation,2
manets,2
digital application,2
 mathematical achievement,2
 google play,2
 lstm,2
 instagram,2
 social networking,2
children,2
 blackboard,2
machine learning,2
 homomorphic encryption,2
 text classification,2
 ddos,2
wireless sensor networks,2
 tablet,2
distance learning,2
 intention to use,2
 oman.,2
sms,2
 preschool education,2
 xml.,2
 feature extraction,2
mobile commerce,2
 edge computing,2
 stroke,2
 bibliometric analysis.,2
 information quality,2
 user testing,2
 awareness,2
mobile web,2
 halal,2
 context-awareness,2
 topic modeling,2
 vikor,2
 reverse engineering,2
 decision support system,2
 podcast,2
 attitude,2
 marketing,2
 expert review,2
 visualisation,2
 south africa,2
 healthcare,2
e-services,2
efl,2
 speaking skills,2
 vocabulary,2
 wap,2
 mobile cloud computing,2
 lms,2
 industry 4.0,2
 game development,2
project based learning,2
 manets,2
 dsr,2
 science process skills,2
 text-to-speech,2
 vanet,2
 instructional,2
adaptation,2
high school,2
 listening comprehension,2
 mobile marketing,2
 spam detection,2
vanets,2
 intelligent tutoring systems,2
 quality of service,2
 architecture,2
 entrepreneurship,2
 software engineering,2
 student preferences,2
 addie model,2
 barriers,2
elearning,2
 training,2
 learning platform,2
 modeling,2
 k-means,2
mobile internet,2
 structural equation modeling,2
autism spectrum disorder,2
 5g,2
 learning tool,2
 immersion,2
whatsapp application,2
 groupware,2
 discrete wavelet transform,2
 security issues,2
 video based learning,2
 user feedback,2
 engineering students,2
 learning design,2
context-aware,2
 wireless mesh network,2
 statistics.,2
 smart classroom,2
 mobile multimedia,2
 vocational education,2
 instruction,2
 nodemcu,2
 online service learning,2
learning analytics,2
 gender,2
 unity 3d,2
 chatbot,2
 learning community,2
 student performance.,2
 learning environment,2
 reinforcement learning,2
 interface design,2
 situated simulations,2
 genetic algorithm,2
 clustering,2
 mobile ecosystem,2
 power management,2
quality of experience,2
 system dynamics,2
digital competence,2
 user model,2
 educational systems,2
 electronic medical record,2
mobile services,2
 educational,2
 game-based learning,2
ubiquitous learning,2
human computer interaction,2
 electronic banking,2
 mobile banking,2
 mixed reality,2
 pandemic,2
 adoption,2
 conceptual model,2
healthcare,2
 human-computer interaction,2
 culture,2
android application,2
educational robotics,2
named data networking,2
 tam.,2
 flash lite,2
 mlp,2
mobile,2
 mobile network,2
 phishing,2
 middle school students,2
literature review,2
 byod,2
 mobile ad hoc network,2
 leap motion,2
 student engagement,2
 qr code,2
 log data,2
 vocational high school,2
 serious game,2
classroom,2
 esp8266,2
 system quality,2
 mall,2
 mobile-assisted language learning,2
 research trends,2
systematic literature review,2
 automation,2
 multitasking,2
 emergency call,2
 media,2
 mobile learning application,2
 mobile learning (m-learning),2
 health system,2
 elderly,2
 english as a foreign language,2
 abstraction,2
 black hole attack,2
educational technology,2
adaptive learning,2
-mobile adhoc networks,2
 small screen interface,2
 reading,2
 technology integration,2
 shortest path,2
 apps,2
 real-time,2
 peak-to-average power ratio,2
environmental monitoring,2
smartphone apps,2
 technology acceptance,2
 validity,2
 neural network,2
 students performance,2
smartphone augmented reality,2
 theory of planned behaviour,2
 padlet,2
 generation z,2
 acceptance,2
 social influence,2
 ransac,2
 teaching,2
 odk-x,2
 connectivity,2
mobile applications and services,2
 data collection,2
 smart education,2
mobile systems,2
eportfolio,2
 employability,2
 digitalization,2
 human resources.,2
elderly,2
 rasch model,2
mobile media,2
5g technology,2
 problem-based learning,2
 testing,2
 technology readiness,2
smartphone application,2
 e-commerce,2
social networks,2
 instructional design,2
 informal learning,2
 education innovation,2
 university education,2
 gps,2
authentication,2
 network lifetime,2
usability evaluation,2
computer vision,2
 smes,2
 decision-making,2
 geography,2
 geometry,2
 consumer behaviour,2
 applications,2
 congestion,2
 voip,2
 emotions,2
 wi-fi tracking system,2
game,2
application,2
 iphone,2
 push notifications,2
 older adults,2
 ipad,2
 seamless learning,2
 wi-fi,2
 problem-solving,2
 proximity,2
 information and communication technology,2
 facebook,2
 malware,2
 mental health,2
 mobile phone usage,2
 robot,2
 mobile web,2
 primary education,2
 gyroscope,2
 m-learning.,2
mobile computing,2
 meta-analysis,2
 intervention,2
 asd,2
 technical support,2
 student satisfaction,2
 facial recognition,2
 ahp,2
 digital transformation,2
 problem solving,2
 vector representation,2
 remote labs,2
fashion,2
preschool education,2
 convolutional neural network,2
 writing skills,2
handwriting recognition,2
 topsis,2
information systems,2
 retail,2
 learning management system (lms),2
 universal design,2
 literacy,2
 esp,2
 comparative study,2
ber,2
mobile marketing,2
 ebook,2
 content quality,2
 graphic design,2
 sustainability,2
 educational tool,2
 digital economy,2
 wireless communications,2
road safety education,2
virtual laboratory,2
collaboration,2
 android.,2
 opencv,2
 education 4.0,2
nfc,2
 smartphone applications,2
 boosting,2
 m-payment,2
 speed,1
 multi-hop communication,1
 information and communication technologies.,1
 project work.,1
 secured access,1
 variation of nodes number,1
software development,1
 wireless sensor network (wsn),1
 globalization,1
aomdv,1
digital economy,1
 open learning,1
 smartphone.,1
 extraneous cognitive load (ecl),1
collaborative learning,1
 parallel computing,1
multi-layered multimodal biometric,1
 information media and technology skills,1
 prepared and unprepared speech,1
 open smart classroom,1
 mesh topology,1
 professional learning communities,1
smart technology,1
 mobile based game learning,1
 packetloss,1
library 4.0 academic libraries,1
teachers professional development,1
innovation activity assessment,1
 interest,1
affective,1
 children with down syndrome,1
mobile usability,1
 node distance,1
 mobile learning platforms.,1
 educational design,1
 and iot (esp 8266) module,1
 cellular automata,1
traffic flow modelling,1
 training programs,1
 journalism,1
 educational process,1
 traditional learning,1
applicants for education,1
 gamification of learning.,1
intensive training,1
 fanet,1
 project risk,1
 uwvanet,1
 rssi-based distance localization,1
 dva-gpsr,1
 data partition,1
 economics applications,1
unscented kalman filter (ukf),1
 direction,1
 codec,1
blog,1
 curriculum innovation,1
 density,1
ad-hoc networks,1
 international standards,1
 orthogonal frequency division multiplexing,1
 tablet.,1
 writing,1
 entrepreneurship education,1
 technical specialist.,1
 modelling.,1
 online media.,1
 peer mentoring,1
 teachers.,1
 learning effectiveness,1
 germane cognitive load (gcl),1
 affinity space,1
collocations,1
 standardization prob-lems,1
cognitivism,1
 big data smes,1
 smartphone apps,1
 thai hotels,1
 comprehensiveness,1
 online shopping intention,1
 pharmacies,1
instant messaging,1
 use of instant messaging for academic purpose,1
 technology acceptance model.,1
game genres,1
 comparing game genres,1
 evolution of game genres.,1
customer classification,1
 c4.5 decision tree,1
 knn,1
distributed ledger technology,1
 blockchain consensus algorithms,1
 proof of work,1
mysql,1
 independence characters,1
android game,1
 colloids,1
perceived usefulness,1
 perceives ease of use,1
 credibility,1
 entertainment,1
 informativeness,1
 irritation,1
 water quality monitoring,1
 artificial neural network.,1
 support vector machines,1
 psycho-loneliness,1
 mobile store,1
- communication studies,1
 hoax,1
attendance system,1
 crossing number,1
 geospatial retrieval,1
 mobile finger-print,1
 pnpoly,1
heritage tourism,1
 mobile guide service,1
 nomophobia,1
 learning.,1
 local binary pattern,1
 visually impaired,1
 e-mailing,1
 text-to-speech conversion,1
 speech-to-text conversion,1
 outdoor navigation,1
 schedule management.,1
(augmented reality (ar),1
 hajj,1
 early childhood education).,1
handwritten arabic text,1
 holistic recognition,1
mobile enterprise applications,1
 user stories,1
bh1750,1
tablet-based application,1
 hiring tool,1
school attendance system,1
 rfid tags,1
keywordsـــــcomputational thinking skills,1
 (steam) approach,1
 algorithmic thinking,1
 decomposition,1
 generalization,1
 jordan.,1
interactive mobile application,1
 reading and writing skills,1
 evidence based teachers perceptions and video-modelling,1
 openface,1
mobile education tool,1
 demonstration,1
 design science research,1
 cbe,1
 tanzania,1
driver sleepiness,1
 sleepiness detection,1
 facial landmark,1
 extraction,1
 eye aspect ratio,1
 health care,1
 mobile facial recognitions,1
facial recognition algorithms,1
 dht11,1
 serious video game.,1
 street lighting system,1
multimodal interaction,1
 gesture recognition,1
 smart home.,1
dyslexia,1
 adaptivity,1
 learning style model,1
information technologies,1
 appropriation,1
 information systems,1
 bovine production system,1
research competence,1
 physical education class,1
 mobile education,1
 instructional media,1
asynchronous learning,1
 instructional sys-tem design,1
 synchronous learning,1
oral english communication skills,1
 learners problems,1
 learners readiness,1
 features of smartphones,1
autistic,1
 video interaction,1
enterprise resource planning (erp),1
 social media marketing,1
 information science,1
social media communication,1
 training set,1
 exact-range,1
 size-range,1
 pattern-range,1
digital flipbook,1
 research and development,1
 immune system,1
 validation.,1
 net promoter score,1
 smartphone app,1
 likelihood to recommend,1
leadership training,1
 e-training,1
 aspired leader,1
 e-npqel,1
communication,1
 shortest paths,1
 information diffusion,1
 centralities,1
 neighbour nodes,1
learning motivation,1
 reminder tool,1
 polytechnic,1
 learning performance,1
 malevolent node,1
 confidence factor,1
 support factor,1
data trace,1
 synthesis,1
 mobile app design,1
 design science approach,1
 measurement app,1
flood identification,1
 crowdsource data,1
 gis,1
e- assessment,1
 soft skills,1
 2nd generation sosie,1
 behavioral tests,1
interactive mobile learning,1
 electronic componen,1
 medium apps,1
 tqm classroom,1
 communications.,1
divayana formula,1
municipalities,1
 local government,1
 mobile risks,1
 training and awareness,1
 brand awareness,1
 business consultancy competition,1
app marketing,1
 app installation ads,1
 packet dropping,1
phet simulation,1
tourism,1
 creativity,1
 student-generated activities,1
 bdmm mobile application,1
 bdmm,1
top-k personalized dataset,1
 gravimeter filtering technique,1
 tree oriented,1
bruner model,1
 lesh model,1
 slow-motion,1
 robotics kits,1
 coding,1
chatbots,1
 nrl.,1
 messenger,1
 websites,1
 natural language understanding,1
 brand representation,1
 dyslexia,1
 screening,1
 cybersecurity,1
text messaging,1
 push notification,1
 civic education,1
 esl/efl contexts,1
big data maturity model,1
 e2e delay,1
 jeddah,1
 wireguard,1
zoom meeting,1
 data usage,1
electrical appliances,1
 controlling system,1
 smart room,1
inland waterway transport (iwt),1
 global positioning system (gps),1
 mobile educational applications,1
vpn,1
 ipsec,1
 gre,1
 protocol,1
 pdr,1
 tunnel,1
 ikpsk2,1
 vpn performance.,1
multi-robotics,1
 path planning (pp),1
 aco algorithm,1
 metaheuristics. uncer-tainties,1
human mobility,1
 long short-term memory (lstm),1
 dbscan,1
gpsr,1
 mobile ethics,1
 high frequency electronics,1
 tcp.,1
 realistic mathematics,1
 flash crowds,1
 and traffic congestion.,1
wireless sensor networks (wsn),1
 asrc routing,1
 cluster head (ch) selection,1
 replication,1
 data communication.,1
assistive mobile health applications,1
 cognitive decline,1
mobile health applications adoption,1
 mobile health applications use intention,1
 subjective norm,1
 facilitating conditions.,1
 creative thinking ability,1
spirituality,1
computer networking,1
 cisco packet tracer,1
intelligent predictive,1
 word matching,1
 mobile-based system,1
decision making,1
 end-user behaviour,1
 thailand.,1
auto-reply system,1
 sms-based system,1
 system performance,1
 use questionnaire,1
individual differentiation,1
 distributed denial of service attacks,1
network attacks,1
 user evaluation,1
 tvet,1
 energy consumption,1
 wireless communication,1
ssl,1
 tls,1
 poodle,1
 vulnerabilities,1
 protocol versions upgrade,1
e-government,1
 interview approach,1
 mobile experience,1
 usability performance,1
 user perception,1
cloud world synergy,1
 english language teaching (elt),1
 adult learners,1
 integrating,1
 perspectives,1
 handheld technologies,1
organoleptic tests,1
 decision tree,1
 c4.5 algorithm,1
 ict.,1
bagging,1
 mobile intelligent system,1
 machine learning techniques,1
 rainfall prediction svm.,1
 arc welding learning,1
 learning support,1
learning achievement,1
 udp,1
keywords- personalized reading,1
quiz,1
mobile ip,1
 care of address,1
 home agent,1
 foreign agent,1
 attendance management system,1
 teachers absenteeism,1
vocabulary learning,1
 english as a second language,1
 apps features,1
digital storytelling,1
 creative teaching,1
 21st-century learning,1
 user profile,1
 reading textbook,1
 scenario,1
 slow learner,1
algorithm,1
 data structure,1
 stack,1
jawi script,1
 spelling methods,1
 students attraction,1
 learning basic solat,1
 childhood,1
 chemical bond,1
 misconceptions,1
 visualizations,1
 rapid prototyping,1
 content management system,1
 mobile instruction,1
 recall.,1
 reading intensity,1
 smartphone addiction,1
 achievement motivation,1
crime prevention,1
 community safety,1
 location-aware,1
trust computation,1
 node trust prediction,1
technology in learning,1
 e-assesment,1
 e-module,1
 physics practicum,1
science process skills,1
 m-practicum guidebooks,1
 m-asessment,1
isaa,1
 facp,1
 indian portage guide,1
 basic mr (part a),1
 assessment tools,1
tablets,1
 evidence,1
 mobile digital content applications (mdca),1
 psychological well-being (pwb).,1
mobile video platform,1
 segmentation,1
 question location,1
 green data center,1
cyber-physical system,1
 pre-commercialization,1
 learner performance,1
 firebase.,1
foreign language,1
 binaural audio,1
 multimodal interfaces,1
 students vocabulary,1
 sitsim,1
 archive,1
 narrative,1
 location-based media,1
 digital cultural heritage,1
 omaha beach,1
 d-day,1
mobile phone addiction,1
phishing detection,1
social media analytics,1
 feature selection,1
 multilayer perceptron.,1
 integration,1
 model,1
database manipulation,1
 pailliers encryption algorithm.,1
virtual instrument,1
 hand gesture,1
 traditional music,1
 head mounted display (hmd),1
 content centric networking,1
 information-centric network,1
 caching router,1
 offline mode,1
 user response,1
 string matching method,1
 anggah-ungguhing balinese language,1
 enjoyment,1
 system interactivity,1
 computer anxiety,1
 students inten-tion to use e-learning,1
 th,1
a mobile app,1
 predictive systems,1
 fuzzy algorithm,1
 peda-gogy,1
hiragana,1
 handwriting recognition,1
 deep neural network search,1
 global system for mobile communication (gsm).,1
theatrical activities,1
 role-play,1
 smartphone video,1
 authentic learning environment,1
 adhoc on demand routing protocol,1
 attacks,1
 noxious node.,1
 ecg,1
 arrhythmia,1
 nursing students,1
cassava-chip collaboration,1
 collaborative supply chain,1
 agriculture mobile application,1
mobile dictionary,1
 clustering methods,1
 analytic hierarchy process.,1
 evaluation application,1
application programming interface,1
 perceived usability,1
 usability test evaluation,1
mathematics,1
 web address,1
sakai,1
challenges,1
 opportunities,1
 teaching of writing,1
 tesl pre-service teachers,1
global grass-roots community movement,1
 open device lab,1
 online user review,1
 service user experience evaluation,1
 m-adoption,1
 ipad initiative,1
university-industry linkage (uil),1
 knowledge management (km),1
 university-industry collaboration (uic),1
 talent mobility (tm),1
 national research univer-sity (nru),1
 personnel sharing model,1
 university assessment system,1
m-banking usability,1
 financial technology,1
 deafness.,1
mobile experience,1
 think-aloud protocol,1
 flood forecasting,1
 emirates universities.,1
 countenance,1
 structure equation modeling (pls-sem),1
 aneka,1
 tri hita karana,1
cnn,1
 javanese letter,1
 character recognition,1
 mobile client,1
 2-tier architecture,1
 smartcity,1
tam model,1
 intention to adopt smart home,1
financial management competency,1
 mobile scaffolding application,1
 scenario-based learning,1
 self-assessment,1
 development of the digital competence,1
 pedagogical specialists,1
numeracy understanding model,1
 e-numeracy,1
 mobile health (mhealth),1
 developing countries.,1
conference paper,1
media competence,1
 media education,1
 multimedia tools,1
 teachers,1
mobile learning platform (mlp),1
 united arab emirates,1
decision-making style,1
 self-directed learning,1
 construction-related worker,1
 collaboration space,1
 smart-shirt,1
 m-health,1
 e-health,1
 mobile security,1
 mobile attacks,1
 denial of service attacks,1
 distributed denial-of-service attacks,1
 ids,1
 heterogeneous,1
 backbone,1
 mobile sink,1
 shortest spanning tree,1
lms,1
 ims-ld,1
 location privacy,1
 elearning platform,1
 designing an ims-ld meta-model,1
 school-home cooperation,1
 multilingual,1
 mar,1
 mobile retailing,1
speed thinking,1
 educational game,1
 player behavior,1
application-based learning,1
 chemical bonds,1
gis,1
 algorithm,1
 wireless body area network,1
 patient monitoring systems,1
 ca,1
 emimo,1
 location monitoring sys-tems.,1
touch screen interface,1
 2d-touch,1
 3d-touch,1
 stable 3d-touch area,1
 mo-bile device,1
 mobile telecommunication systems,1
 surveys,1
secondary education,1
 adolescents,1
 transmission lines,1
 waves propagation,1
electronic educational resource,1
 smith chart,1
 fdtd method,1
 regression testing,1
 behavior driven development,1
 visual programming environment,1
 catrobat,1
emoji,1
 emotion,1
 crowd requirements engineering,1
google play store,1
 installation decision,1
 photography applications,1
nb-iot,1
 emtc,1
 geotechnical data,1
 engineering,1
 drilling,1
 multi-agent system,1
 self-learning,1
 sql,1
 java programming,1
chinese character writing,1
 animation,1
 frog vle,1
 ctml,1
chemistry,1
 clicker,1
online learning environment,1
 adult-learners,1
 professional learning,1
game attributes,1
 learning theory,1
data handling,1
 learning difficulties,1
 smart board,1
haptic device,1
 virtual pulse simulation,1
 pulse diagnosis study,1
 pulse waveform modeling,1
game-based mobile application,1
 game elements,1
 jawi understanding,1
social media technology,1
 rts,1
 cts,1
 xamarin.forms,1
 programming basics,1
tour package,1
cross-platform,1
 recommendation system,1
 case based reasoning,1
 dempster shafer theory,1
 bayes theorem,1
 web responsive,1
 k-fold cross validation,1
 work-order system,1
 infrastructure,1
 fish types,1
 googlevr,1
 kindergarten,1
 blender,1
 learning media.,1
peer instruction,1
 online social learning,1
teacher training,1
 anti-sexual violence,1
 unauthorized service access,1
 distributed network,1
 higher education sys-tem,1
 antenatal care,1
 prenatal care,1
 developing countries,1
attitudes,1
 knowledge,1
 socio-emotion,1
 technology gadget,1
 mobile sensor networks,1
3d cloaking,1
 adult learning,1
 tvupi,1
 farm practice,1
 participation,1
 user-engagement,1
mobile social networks (msn),1
 networking quality,1
 information quality.,1
 jemasik,1
 graphic representation,1
 introduction,1
 network clients,1
mobile communication,1
 tv streaming,1
 smart digital mobile,1
marketing,1
 near field communication,1
smart car parking,1
higher education institution,1
 key performance indicator,1
 multi criteria decision making problem (mcdm),1
 selfish nodes,1
 fading,1
 alternate route,1
 helper nodes,1
signaling principles,1
 low-achieving learners,1
 assistive courseware.,1
corporate social responsibility,1
 changlun community,1
 storytelling technique,1
 guided tour,1
 tutorial,1
drugs,1
 program fundamental teaching,1
 control structure,1
 flowchart,1
pair programming technique,1
 pair programming tool,1
 collaborative tool,1
active learning,1
 digital smart board,1
 primary school students,1
extensive reading,1
 reading fluency,1
 mobile assisted extensive reading,1
pre-service teachers,1
 social cognitive theory,1
 osi model,1
 computer network,1
 action game,1
confirmatory factor analysis,1
 indicators,1
 mobile assessment tool,1
 sustainable creative tourism,1
digital learning tools,1
 u-learning,1
 hypothesis test,1
thesis supervision system,1
 student-advisor communication,1
 peer collaboration.,1
 access log,1
 wireless network,1
older adults,1
 named data networking,1
 broadcast strategy,1
 mobility interest,1
mobapp,1
 delivery process,1
 shipped products,1
 quality attributes,1
 use cases,1
educational game,1
 black box testing,1
 game application,1
 input,1
barriers to social media,1
 mathematical modelling,1
 teacher education,1
 pre-service teacher.,1
intention to use,1
 peruvian students,1
mixed reality,1
 volume rendering,1
 medical imaging,1
 ray-casting,1
 ray-tracing.,1
 moving mobile storage,1
 rest,1
 cloud computing service model,1
 nosql cloud databases,1
 sync api for android,1
 producer mobility support,1
 handoff latency,1
 m-health application,1
 signaling cost,1
 mobile peer support.,1
diffusion,1
 lightweight hashing techniques,1
 mersenne number,1
 energy efficiency.,1
building trust,1
 marketplaces,1
 risk,1
 behavior,1
virtual laboratorium,1
 digital engineering,1
social media exploitation,1
 permission,1
 camera,1
 mobile malwares,1
 mobile phone surveillance feature,1
 prefix,1
 broadcast,1
 ndnsim,1
 ns-3.29,1
device-to-device,1
 mode selection,1
 fifth generation,1
 virtualization,1
 security and privacy of information,1
 user virtual machines,1
network analysis model,1
 intelligence walking stick,1
 augmented reality (ar),1
 vuforia,1
reverse engineering,1
 macrocell,1
 picocell,1
 interference,1
 3d,1
 computer networking devices,1
 system usability scale,1
fog computing,1
 optimization,1
 prediction,1
 mbt,1
 performance prediction.,1
 iot-based technology,1
 graduate students,1
 security architecture,1
heterogeneous network,1
 security optimization,1
 software protection,1
 source code protection,1
 course management system (cms),1
 student engagement.,1
robot,1
 hypermedia,1
 scientific concepts,1
 ideas box,1
 motivation toward learning,1
 non-formal educa-tion,1
 culture promotion program for dropouts,1
web-based animation video,1
 q-learning,1
 high school,1
 public services,1
data mining,1
smart collect,1
 mobile data,1
 collaborative,1
internet of things iot,1
 monitoring device,1
 esp32,1
 mqtt,1
 3d objects,1
elementary school,1
cloud-oriented approach,1
 mobile ad hoc networks,1
 operational efficiency,1
 power-as-a-service,1
 association rules,1
 vietnam,1
 fire accidents analysis,1
 data cleaning,1
 diffusion of innovation,1
link prediction,1
 network analysis,1
 graph analy-sis,1
 voting techniques,1
adaptive user interface,1
 spaced retrieval therapy (srt),1
 elderly people,1
 alzheimers disease,1
 grounded-theory,1
technology acceptance model,1
 environmental education,1
 environmental awareness,1
 streaming media,1
interaction,1
 autonomous learning,1
 intelligent platforms,1
 wireless technologies,1
hearing healthcare,1
 mobile health,1
 tele-medicine,1
motivation,1
 motivation-boosting activities,1
 ideal problem solving,1
 modern analytical chemistry,1
 mass spectrometry,1
digital book,1
 multicultural education,1
 aging,1
 video streaming server,1
 older adult,1
entrepreneurship education,1
 mobile learning platforms,1
 digi-tal education,1
 entrepreneurial competences.,1
temperature monitoring system,1
 location service,1
 blood delivery,1
 usability testing,1
 higher education app,1
non-native learners,1
 self-study efl,1
 positive attitudes,1
post-secondary education,1
 quality monitoring,1
 product improvement,1
quality assurance,1
flashover,1
 smart grid,1
 transmission and distribution line,1
 structure visualization,1
 markerless tracking,1
 gender differences,1
communication networks,1
 multipath routing protocol,1
 dcell network simulation,1
 data transmission,1
 ns-3 program,1
 link failure,1
 rack problem,1
 competency,1
adolescent depression,1
 adolescent motivation,1
 model development,1
barrier gate system,1
mobile phones,1
 professor-student communication,1
 m-teaching and learning,1
iso9241,1
 multi-platform,1
 usability attributes,1
reputation,1
 trust management,1
 recommendation.,1
 barriers. smart city,1
 pregnant,1
 innovation,1
 chaotic system,1
 episodes,1
 authority,1
 approach.,1
 digital childrens rights,1
 digital literacy,1
 internet mediation,1
 qnn,1
 pca. how to work with this template,1
bibliometric,1
 digital learning,1
programming language,1
 java programming language,1
3d content,1
 3d model.,1
 transformation,1
3d polygon mesh model,1
 vertices,1
 3d lorenz chaotic map,1
cap properties,1
 data replication,1
 distributed systems,1
 pervasive information systems,1
access control,1
 password,1
 password strength,1
 user re-views,1
push notifications,1
 mobile push notifications,1
 mathematical experiment,1
geogebra,1
 application development,1
 enablers,1
 motivation level,1
 smartphone user interface,1
 educational technologies,1
3d animation,1
 harzings publish or perish,1
 scopus database,1
 social distance using deep learning,1
 online communication,1
 polite expressions,1
 hierarchical protocols,1
 leach,1
 time slot,1
 ns2.34,1
 tism,1
user reviews,1
 fuzzy micmac,1
surveillance videos,1
 videos analysis,1
 behaviors recognition,1
 anomaly detection,1
 neural networks.,1
positions of visual elements,1
 instructional videos,1
5g communication,1
 mm waves,1
 beam forming,1
 stand alone,1
 non stand alone,1
 design elements,1
 cramers v,1
foreign languages,1
 neural networks,1
 wsn,1
smartphone sensors,1
 school lab,1
 physics experiments,1
digital delegation application,1
 digital identity delegation,1
 thai national digital identity.,1
attendance management system,1
 attendance records,1
 registration,1
 beacon,1
 smart-hadir app,1
 mobile app development,1
 social network analysis,1
 english as a foreign language (efl),1
smartwatches,1
 user interfaces,1
 prototype,1
adaptive mobile scaffold system (amss),1
 cognitive style simplicity vs complexity (cssc),1
 digital will-being (dwb),1
computational science,1
 computational competencies,1
 virtual learning environment,1
 21st century,1
manet-iot,1
design thinking,1
 graphic user interface,1
 cupcarbon,1
clustering,1
 arabic lexicon,1
violence detection,1
 graduate education,1
 mobile assisted language learning (mall),1
 mall technology,1
 student performance prediction,1
 academic analytics,1
brute force,1
 city tour,1
competitive approach,1
 covid-19 impact,1
 global mobile brand,1
 pandemic situation,1
 smartphone industry,1
 strategic implication,1
 lora,1
 lorawan,1
 node density,1
emotion recognition,1
 cloud localization,1
 location-based services.,1
 tcp,1
 olsr,1
 fuzzy logic,1
 cross-layer.,1
internet of vehicles (iov),1
 4g/lte,1
 dsrc,1
 vehicular networks,1
 potentials,1
mathematics learning game,1
 congruence and similarity,1
 maintenance of chassis and power,1
 gender differences in ict,1
perceived value,1
 orang asli,1
schooling focused on ict,1
 ict mindset,1
 ict planning,1
digital technologies,1
 infor-mation management,1
 digital education,1
 and artificial intelligence,1
 moocs content design,1
 utem,1
practice media,1
 new methodology,1
 digital citizen,1
 pls-sem,1
 ttf,1
 ect.,1
women security,1
 alert,1
 social security,1
 law.,1
 social tolerance,1
wireless multimedia sensor network (wmsn),1
 contextual unobservability,1
 source/sink location privacy,1
 global attacks,1
 priority packet dropping,1
 youth and cybersecurity,1
 ict usage in rural areas,1
algorithmic,1
 mobile-based technological tool,1
online shopping,1
 ar technology,1
 shopping phobia,1
 revolution industry 4.0,1
e-service learning,1
 extreme e-service learning,1
communicative tasks,1
 oral competency,1
 smart tint,1
 smart glass,1
mobile-assisted mind mapping technique,1
 esl university students,1
 argumentative writing,1
fraud detection credit card ensemble technique stacking machine learning,1
digital competency,1
creativity in higher education,1
 group investigation,1
 digital mind map,1
information technology resources,1
 innovation performance,1
 higher educa-tion institutions,1
 questionnaire reliability,1
 con-struct reliability,1
 university students,1
 scale,1
gsm,1
 pic16f886 microcontroller,1
 buzzer,1
 and cross-layer optimization,1
 critical inquiry,1
 research skill,1
recommendation system,1
blackboard,1
 tel,1
 higher education institutions,1
 online game,1
 spellingcity,1
sociological theory,1
 heutagogy approach,1
 industrial revolution,1
 sosiopedia,1
teacher responses,1
 students' expectation,1
 learning science,1
 elementary school students.,1
 svd  ,1
high-performance,1
 social relations,1
 data sparsity,1
 cold-start,1
socio scientific issues,1
 gadget based,1
 science literacy,1
e-worksheet,1
 lesson study,1
online discussion forum,1
 students commitment,1
 undergraduate courses,1
interactive mobile,1
 mathematics problem solving,1
 study char-acteristics,1
 mathematical ability,1
dynamic geometry software,1
 education technology,1
 iwcett,1
image format,1
 text-only network,1
 free basics service,1
 digital divide,1
web of things (wot),1
 block cipher,1
 gost algorithm,1
 and chaotic system,1
 encryption,1
 wavelet transform,1
 stego image,1
 capital expenditure,1
 operational expenditure,1
 total cost of ownership,1
 infrastructure sharing.,1
mobile development,1
 driving events,1
 technology satisfaction,1
 the internet,1
water scarcity,1
 clean water,1
 ucd,1
 mathematical representation,1
 pedicab,1
 usability study,1
 on-line learning,1
 stu-dents performance,1
 stress,1
covid-19 pandemic,1
 mobile apps for collaborative writing tools,1
 mathematics anxiety rating scale,1
 math learning,1
project-based learning,1
 visual thinking,1
 visual learning,1
 visual communication,1
 rasch measurement model,1
start-ups,1
 software methodologies,1
 business models,1
 mobile software development,1
mobile assisted language learning,1
 collaborative writing,1
mac layer data,1
equilibrium,1
 time-stamp,1
 rssi,1
iranian elderly,1
 social applications,1
 semi-experimental qualitative method,1
community learning resources,1
 fields of science,1
 life based learning,1
development,1
 emco learning model,1
 geography learning outcomes,1
electronic modules,1
 guided discovery,1
mathematics anxiety,1
 scrum,1
 c#,1
 kit-build,1
android-based,1
 economic education,1
 learning everywhere class (lekas),1
bullying behavior,1
 game mobile learning,1
 early childhood,1
 management.,1
emergency medical management,1
 tsunami disaster,1
 problem and creative thinking,1
 design thinking process,1
digital education,1
 digital technologies,1
 multiple representation,1
 analytical chemistry,1
students involvement,1
 digital readiness,1
conservation education,1
 rawa danau,1
 natural reserve,1
recommendation,1
 cooking class,1
 content-based filtering,1
 tfidf,1
concept map,1
 concept map mining,1
 efl,1
 redox reaction materials,1
 inquiry,1
 problem-solving skill.,1
taxi service,1
dysarthria,1
 lets talk now,1
 early intervention,1
 speech,1
 healthy lifestyle,1
 uum community,1
children computer interaction,1
 mobile-based learning application,1
 user -centered design approach,1
 alpha generation,1
 rose courseware,1
 virtual environment,1
 prototyping,1
 e-hailing service,1
 rotation,1
 mode share,1
ewallet app,1
 instrumental assessment,1
 touch ‘n go,1
 usability test.,1
students voices,1
 online debate,1
 race planning framework,1
 launch phase,1
 new product    development (npd),1
indoor positioning system,1
 particle filter,1
 spatial skill,1
 predictive model,1
 queue management system,1
 queuing process,1
 educational apps,1
river flow,1
 pico hydro power plant,1
 rural electrification,1
augmented reality (ar),1
 myspira,1
 asthma,1
 care education for children,1
 user acceptance of mobile applications,1
 mobile use,1
monitoring device,1
 internet of things.,1
model,1
 blended web mobile learning,1
 hasil belajar,1
e-participation,1
 digital society,1
residential,1
 criteria,1
 purchase,1
 user-generated data,1
 text analysis.,1
 educational mobile apps,1
 language and communication skills,1
 educational mobile app,1
social media platforms,1
 collaborative supporting tool,1
 tertiary level student.,1
 gestural interactions,1
 finger gesture,1
 car driver,1
 kalman filter,1
 google maps,1
 a* algorithm.,1
php language,1
 soap strategy,1
 sakai system,1
 php soap technique,1
long term evolution advanced (lte-a),1
 heterogeneous network (hetnet),1
 qos scheduling algorithms,1
 proportional fair (pf),1
 root mean square (rms).,1
ubiquitous sensors,1
 pedestrian dead-reckoning,1
 gps.,1
 geo-caching,1
 mobile interactive algorithms,1
 learning technologies,1
 e-learning for covid 19,1
 iccmit 2020,1
 traditional indonesian food,1
 understanding mathematics,1
 geometry trans-formation,1
sensor laboratory,1
 embedded systems,1
 industrial sensors and automation.,1
routing protocols,1
digital sketching applications,1
 toy designs,1
 off-line calculations,1
patraffic routing,1
academic and vocational guidance,1
 hibernate,1
 dos attack,1
 opnet simulator,1
mechatronic system,1
 lta-fw architecture,1
 environmental monitor-ing,1
 traffic flow,1
 intensity,1
 virtual detection method,1
university students,1
 video analysis,1
java,1
 mysql,1
 threads,1
 jdbc,1
 buslaev networks,1
data stream mining,1
 concept drift,1
 concept drift detection,1
 data stream classification.,1
twitter,1
 characteristics of influencers,1
 entrepreneurial influencers,1
 robust ranked list.,1
dynamical systems,1
 optimal control,1
 self-organization,1
 mathematical models,1
 information and communication systems,1
 multi-cultures,1
 himavanta creatures,1
 and art and architectural content,1
 metrics,1
 laboratory,1
 route stability,1
library opencv,1
 citra segmentation,1
 android application,1
 technology smartphone,1
technology-enhanced learning,1
 pendulum,1
 frequency domain,1
 exact solution,1
 fourier analysis,1
 numerical methods,1
 systematic mapping,1
 tools,1
system usability scale (sus),1
consultation application,1
 online meet ups,1
 addressing academic difficulties,1
 virtual meeting,1
icmls,1
 mobile laboratory,1
 computer network engineering,1
perceived convenience,1
 facilitation conditions,1
 price value on the intention to the use an uber application,1
wireless mesh network,1
 network capacity,1
 average message size,1
 hybrid learning,1
 3d visualization,1
 latent dirichlet allocation,1
 topic modelling,1
interactive teaching materials,1
 edmodo,1
 mobile ad hoc cloud computing,1
 daas,1
 asaas,1
 ahcaas,1
 model-based testing,1
 iso/iec 25000 quality model,1
 self-regulated,1
 science process skills (kps),1
 inquiry based science education (ibse),1
android malware detection,1
 machine learning models,1
 base learners,1
 ensemble learner,1
 geometry objects,1
 mobile based,1
 spatial ability,1
 three-dimensional shape,1
embedding and encryption,1
 exponential function,1
 information security technique,1
 wavelet transformer.,1
smartphone market,1
 consumer attitudes,1
 adopter categories,1
 smartphone diffusion,1
anomaly detection,1
 prediction.,1
 educational building,1
 pancasila education,1
 odk,1
 kobotoolbox,1
 pendragon forms.,1
msw,1
 solid waste,1
lms schoology,1
 classroom management,1
 student perception,1
 chemistry learning,1
client aware resource scalability cloudlet,1
 resource migration,1
 scalable cloudlet.,1
virtual learning,1
 increasing score,1
 iot technology,1
mobile-nos model of learning,1
 understanding of nature of science,1
 conceptual understanding,1
 scientific literacy,1
mobile instrument of capability,1
 students capability development,1
 capability as human development,1
online interactive,1
 graph theory,1
 creative problem solving,1
 powtoon applications,1
 kahoot application,1
research-teaching integration,1
 comparison,1
mobile data collection,1
 frequency,1
 h-mac.,1
perception,1
 microblogging,1
 impaired media,1
 camera sensor,1
cara-oht,1
 rate adaptation,1
 collision-aware,1
 optimal high throughput,1
 802.11s wmn,1
behavioural intentions,1
teaching and learning platform,1
 whatsapp group,1
cattle identification,1
 sift,1
 muzzle pattern,1
sdr,1
 and coverage area,1
app store optimization,1
 apple app store,1
 mobile app store,1
 aso,1
advertising,1
 textile,1
 smart data,1
vanet,1
 position-based routing,1
 diffie-hellman,1
 technology adaptation,1
transformation,1
energy consumption,1
dictionary,1
 students expectations modeling,1
 bibliometrics,1
co-creation,1
 digital,1
 banking,1
design,1
 human-computer interface,1
 mobiles devices.,1
learning attitudes,1
 learning motivations,1
 local wisdom forms,1
 mar application,1
 understanding of geometry concepts,1
 indonesian language,1
 the meaning  of  learning,1
 blind people,1
 competence,1
 e-commerce competency,1
boarding house,1
 recommendation,1
 fuzzy topsis,1
multilayer perceptron (mlp),1
 activation function,1
 semantic attack,1
inter-vehicular networks,1
 autonomous,1
 gossip algorithm,1
 mobile inter-vehicular communication system,1
 m-learning success,1
 alzheimers,1
 cognitive disorders,1
computer-based screening tests,1
 millennial  generation,1
biotechnology,1
 life-based learning,1
edu-kit,1
 coffee,1
 problem based learning,1
 separation of mixture topic,1
online course,1
 smart network security,1
 fuel cell,1
 energy conversion,1
 electrolysis cell,1
 guided inquiry,1
speaking,1
 pronunciation,1
 intelligibility,1
health systems,1
 community health workers,1
agile development,1
 agile methods,1
 coordination,1
 cloud computing.,1
pseudorandom reconstruction,1
 radio communication device,1
 overheat ability,1
 frequency hopping,1
 spread spectrum,1
 net-work topology.,1
 e-orientation,1
action level,1
 learning achievement,1
 m-government,1
 user context,1
 role base access control,1
 corporate communication,1
 dialogue,1
 stakeholders,1
 content analysis,1
rfid innovation,1
 future application,1
 shopping,1
flash card,1
 story-based,1
 pictured flash card,1
 anxiety in learning english,1
 supplier evaluation,1
 hmsam,1
 martial arts,1
 pencak silat,1
 smart garden,1
 iot application,1
 ifttt,1
 covid,1
 macrodroid,1
design based research,1
 smart technology,1
adoption of mobile learning,1
 covid pandemic 19,1
 student inter-ests,1
mobile-government,1
decision support system,1
 automatic classification,1
 consumers,1
 trilateration,1
 received signal strength.,1
 learning media graphic design,1
 practicality test,1
 test effectiveness,1
 an-droid technology,1
 mathematics education,1
 higher-order thinking skills,1
 addie instructional model,1
learning materials,1
 mechanical engineering students,1
mobile instant messaging,1
 parents-teacher communication,1
 brands,1
 internet of  things (iof).                           mobile,1
mobile video,1
 tiktok,1
 users and gratifications (u&g),1
 user generated media (ugm),1
 personality traits,1
 wearable,1
 jni,1
 personal identity,1
 smart phones,1
marine tourism,1
 user experience design,1
 boat loaning,1
 neural  networks,1
 smartphone apps.,1
fuzzy set theory,1
 student performance,1
 tourist attraction,1
e-rubrics,1
 android-based assessment,1
 online teaching,1
 peer assessment,1
 second language learning,1
 masll,1
crop classification,1
 drone,1
 transfer learning,1
 smart farming,1
cultural tourism management,1
 opinion data mining,1
 text mining,1
 tourist experience,1
 islamic fi-nance,1
attitude,1
 brand,1
 behaviour intention,1
cpd,1
 mobile learning attitude,1
 academic achievement,1
 professional development,1
 teachers training,1
 mobile based training,1
 responsive web,1
 mobile pohones,1
 letter cut,1
 variable font,1
 sim  900 module,1
 surveillance,1
 security in wireless environment,1
 wireless network security,1
predictive analytic,1
 business intelligence,1
 human resource,1
scholarship,1
 website based application,1
 teaching analytical hierarchy process,1
air quality,1
 web,1
 measuring,1
fibonacci,1
 junior high school student,1
 geometry sequence,1
networked learning community,1
 21st century learning,1
 multimedia industry,1
 live streaming media,1
stem introduction,1
 innovative thinking,1
denoising,1
 multiwavelet,1
 thresholding,1
 soft thresholding,1
measuring instruments,1
 sit up,1
 ultrasonic sensors,1
 early childhood education,1
network security,1
 indoor localization,1
rfid,1
emoticon,1
 claroline,1
 ir sensor,1
 presentation display management,1
 socket programming,1
 web technologies,1
 english,1
 educational innovation,1
learning media,1
 adhd,1
 christian education,1
anxiety,1
 elementary school,1
 mathematics learning,1
 story-books.,1
mohesr,1
 representations,1
 n-tier,1
 ado. net,1
 ui,1
 bll,1
 dal,1
 sp,1
 addie.,1
concept assessment,1
 concept game assessment,1
 sprt,1
 concept mastery.,1
diagrams,1
 test instruments,1
 stls,1
 economic problems,1
 pollution,1
 increased car accidents,1
mobile control systems,1
 training complexes,1
 breathing apparatus simulator,1
communicative english,1
 english for the workplace,1
 self-paced learning,1
 support staffs,1
 technology-enhanced language learning,1
 teaching tools,1
 higher educa-tion,1
uses and gratification,1
 marketplace,1
 motives,1
 peer to peer,1
 android system,1
virtual trainer,1
 electric lighting installation,1
 unemployment,1
online reading,1
 dispositions and behaviors.,1
mobapps,1
 mall model,1
 writing skill,1
 critical thinking skill,1
 english language skill,1
 english language learning media,1
significantly,1
 multimedia learning modules,1
m-government,1
 sift.,1
 carry select adder(csla),1
 systematic literature review.,1
instagram,1
 marketing communication,1
 promotion,1
 digital marketing.,1
visually impaired people,1
 usability dimensions,1
 usability evaluation model.,1
adiabatic logic,1
 full adder,1
 ecrl,1
 2pascl,1
 ripple carry adder(rca),1
 carry save adder(csa),1
 success factors,1
 carry skip adder(csa),1
 brent kung adder(bka).,1
alzheimers disease,1
 dementia,1
 game criteria,1
 game intervention,1
 memory disorder,1
 mobile psychotherapy games.,1
news aggregator,1
 magazine,1
 evaluation method,1
 inventory management,1
 object detection and tracking,1
 tracking application,1
 local knowledge,1
mobile recommender system,1
 load forecasting.,1
 i-dsdv,1
 e-dsdv,1
 o-dsdv,1
 network performance,1
 ns3,1
 canvas,1
 ubiquitous learning environments,1
 pedagogical,1
interactive multimedia,1
 smash skills,1
 volleyball.,1
bim-vr framework,1
e-service-learning,1
technical and vocational education (tve),1
 mobile learning (ml),1
 upsi,1
 uthm.,1
mobile attendance,1
 identification,1
 attendance management.,1
millimeter-wave,1
 beamforming,1
 massive mimo,1
 pso optimization,1
mobile cloud,1
 lstm network,1
 glowworm swarm optimization algorithm,1
 computer self-efficacy,1
artificial bee colony,1
 vanishing point,1
 process model,1
 review,1
 learning transfer,1
 context specific,1
 learner centric,1
 web service,1
 usability study.,1
 satellite tv,1
 iptv,1
 e-learning strategy,1
 interactive tv,1
 video on demand (vod),1
api library,1
 text message,1
 navigation,1
mobile device,1
 hong kong,1
content generation,1
 multimedia authoring,1
 interactive multimedia application,1
 operational research,1
 mobile digital television,1
 verbal decision analysis,1
 web-based information system,1
 wireless mobile computing,1
rangefinder,1
 position measurement,1
 state of art,1
human factors,1
 ports allocation,1
 psychology,1
 interactive applications.,1
customer relationship management,1
 crm,1
 e-banking,1
 m-banking,1
 ubiquitous,1
comparing mobile with desktop,1
 flow experience,1
 laboratory education,1
 online laboratory,1
 analog electronics course,1
 competitive learning,1
 sms language.,1
 user interfaces.,1
 agent-based systems,1
 event notification systems,1
 publish/subscribe model,1
 network security,1
 digital certificates,1
 certification authority,1
 e-business,1
 pki,1
 and digital signature.,1
 mobile learning (mlearning),1
 test preparation (test prep),1
 standardized test,1
 road maintenance,1
ple,1
 smart spaces,1
 digital age,1
 integrity tests,1
 data caching.,1
neural network,1
 ldpc codes,1
 mimo,1
 and ofdm,1
mobile hand over,1
 coverage area measurements,1
 signal strength simulation,1
 mobile positioning & digital cellular system,1
students' attitudes,1
 cell phone,1
pedagogy,1
analytical model,1
 mobile computing.,1
 ad-hoc networks,1
 wireless lan,1
 video coding,1
 peer-to-peer,1
 collaborative work,1
 cscw,1
 heterogeneity,1
 java me,1
 mobile learning content,1
 adaptation,1
 computer based training (cbt).,1
 integrity constraints,1
mobile database,1
 node mobility and mobility quantification,1
 multipoint relays,1
 integration strategy,1
 relay path set,1
 mobile banking (mb),1
 theory of planned behavior (tpb),1
 trust (tmb),1
 learning content.,1
intelligent sensors,1
 diffserv and mpls.,1
 tdd,1
 mc-cdma,1
 snr,1
 delay,1
envelope repository,1
 envelope p-write protocol,1
 expected and average expected cost,1
 peer connected set.,1
computer,1
 microcontroller,1
 transmitter,1
 receiver,1
 antenna.,1
information systems embedded application,1
 intelligent sensors,1
 adhoc networks,1
 olsr protocol,1
 evaluation systems,1
 channel exchange,1
 distance education leadership,1
 ct-images,1
 modulated image,1
 hidden image,1
 lte,1
 4g,1
 confidentiality,1
 snow3g,1
 aes,1
 zuc,1
ids,1
 deep neural networks,1
 bot-iot.,1
lung disease,1
free space optics,1
encryption,1
 radio frequency,1
 quadrature ampli-tude modulation,1
 quadrature phase shift keying,1
 wavelength division multiplex-ing,1
cryptography,1
 gf(28),1
 gf(p),1
 magic square,1
 multi-level key.,1
 protection,1
 sms spam,1
 intrusion detection,1
 steganography,1
 unsw-nb15,1
 bsc,1
 interactive media,1
 change,1
 professionalization.,1
customer reviews,1
 information and communication technology skills,1
 multiple-criteria decision-making,1
 phone service,1
 term frequency-inverse document frequency,1
high dimensionality,1
 geographical routing protocols,1
 vanetmobisim,1
 ns-2,1
 archiving course,1
 image marker,1
 nsl-kdd,1
 smart bus transportation,1
dynamic mathematics software,1
 polyhedron,1
 hungry ant,1
online math education,1
 online course components,1
 vir-tual classes,1
 covid-19 effects,1
 math instruction,1
meerkat clan algorithm,1
 selection of features,1
 nids,1
 attacks.,1
 fuzzy c-mean (fcm),1
 propagation (bp) classification,1
 preservice teachers,1
 user motive analysis,1
 consumer adoption,1
 mobile-payment,1
 value chain,1
 customer adaptability,1
 m-payment security and trust,1
 etc.,1
 interactive learning,1
 education satellite,1
 spot beam communication.,1
 conversational framework,1
termsâ??cellular phone,1
-  mobile learning,1
 information gain (ig),1
 ninntendo ds,1
 handheld game console,1
 interactive classroom,1
concept mapping,1
 learning network,1
 social support system,1
 software needs analysis,1
peer-to-peer,1
 client-server,1
 network,1
handover,1
 bts,1
 innovation support,1
 creativity tool,1
application design,1
 organizational security,1
 mobil application,1
android-based applocation,1
 college student,1
 decision tree algorithm,1
 detection system.,1
voip,1
 vpn,1
 wlan,1
 m-learning preferences model,1
integrated vehicle health monitoring (ivhm),1
 data aggregation,1
 flat routing,1
 hierarchical routing,1
business education,1
 enterprise information systems,1
 interdisciplinary approaches,1
 university curriculum development,1
 rural health,1
 telemedicine,1
basic programming,1
 verbal protocols,1
 dual coding,1
communication systems,1
 risk analysis,1
 solar radiation,1
computer assisted mobile learning,1
 technology enhanced learning management system,1
didalab-toolkit,1
 mobile interaction,1
 university eeducation,1
mobile devices market,1
 mobile applications development,1
 industrial applications,1
 mobile measurement technologies,1
 services for mobile networks,1
mental models,1
 ubiquitous interactivity,1
 visual tags,1
 social computing,1
 hci,1
 input devices,1
celtel-nigeria,1
 virtual instruments,1
 m-learning-nigeria,1
 mobile service providers-nigeria,1
 mtn-nigeria,1
 handhelds,1
 global connections,1
engineering education,1
 e-portfolios,1
 tele-operated laboratories,1
 mobiles for development,1
 mooc consortia,1
 gulf region,1
computer aided instruction,1
 mobile devices and technology,1
 tele-learning,1
 mobile data industry,1
 rfid.,1
 snippets,1
 collective intelligence.,1
 construction,1
 it-use,1
 learning schedule,1
 learning java programming,1
 learning objects,1
 self-regulated learning,1
large class teaching,1
 mobile phone messaging,1
 activity theory,1
location-based services,1
 conferences,1
 remote engineering,1
 web technology,1
 professional networking,1
adaptive user interfaces,1
 adaptable user interfaces,1
 mobile human-computer interaction (mobile hci),1
 universal usability,1
 universal access,1
 lom,1
 ims ld,1
mobile laboratories,1
 analog asic,1
 data acquisition,1
 computer aided assessment,1
 electronic learning,1
congestion control,1
 sloyd,1
music performance,1
 scales and acoustics,1
 music informatics,1
location-based scavenger hunt,1
 gamebook,1
 ibooks,1
 epub3,1
mathematics education,1
 online applications,1
app development,1
 learning process,1
 mobile documentation,1
wireless internet,1
 captcha,1
 obstacles,1
 the university of jordan,1
esience,1
 ilab,1
 onlinelab,1
 measurement,1
 real time,1
 online labs,1
 fpga,1
 elvis.,1
online lab,1
 pid controller,1
 security threats,1
 m-learning security,1
mobile learning security,1
 social networking sites,1
 fairness,1
 convergence speed,1
 scientific work,1
 evernote,1
learning,1
 mobile-based application,1
 smart mobile phones,1
 non-verbal.,1
context-aware computing,1
 bluetooth,1
 data mining.,1
mms,1
 mobile telemedicine system,1
 multimedia message,1
 streaming,1
real-time augmented reality,1
 4d augmented reality,1
 real-time mobile geo-app,1
online learning videos,1
 massive open online course,1
 video production,1
disaster training,1
mobile telecommunications,1
 self-organizing map,1
 customer segmentation,1
 point of inspiration,1
 mobile web 2.0,1
 public universities,1
 next generation mobile,1
 mobile conferencing,1
 peer-to-peer group communication,1
 distributed sip conference management.,1
 ggsn,1
 wireless applications,1
 wireless course management system,1
 wireless networks,1
gps (global positioning system),1
 pda (personal digital assistant),1
 web 2.0.,1
next generation commerce,1
 next generation internet,1
 next generation commerce technologies.,1
mobile video-based learning,1
city-wide learning,1
 learning scenarios,1
 technology mediated learning,1
 hierarchical task model,1
 learning and working situation,1
 pervasive learning,1
 service description,1
 service requirement,1
 task/method paradigm.,1
 vocabulary learning,1
second language acquisition,1
 language learning diaries,1
 h.264/mpeg-4 avc software codec,1
 userâ??s context,1
 contents,1
 best practices,1
 quality.,1
 mobile blog,1
 nomadism,1
 usb key,1
 mobile learning content and mobile devices,1
situated simulations,1
 genre design,1
 iphone.,1
 learning model,1
 user-oriented interfaces,1
 online english assessment tests,1
mobile phone learning,1
 multi-media,1
 contextual communication,1
mcommunication,1
 mobile gaming,1
 barcelona,1
e-book,1
 e-book reader,1
 e-ink,1
 e-ink reader,1
bluetooth,1
 mavbt,1
 wireless technology,1
computer-mediated communication,1
 context-aware computing,1
 noticing,1
 open learner modelling,1
 transition to he,1
ngn,1
traffic flow,1
 nonlinear and nonstationary time series,1
 farima,1
 rrbfn,1
 esn and prediction,1
 telerobotics,1
 distant learning,1
online community,1
 deaf,1
 design process model,1
 design methods,1
 human factors techniques,1
 profile management,1
 time management,1
 im,1
 chat,1
 text messaging,1
 multi-device services,1
mobile work,1
 user interface culture,1
character size,1
 elderly person,1
 lcd,1
 visibility,1
 ulearning,1
 specification,1
 diabetics,1
 adolescence,1
mobility,1
 pervasive learning environment,1
 text management service,1
 convenience education,1
 mpl,1
 mmwcl,1
educational systems,1
 affective computing,1
 mobile systems,1
 adaptive systems,1
 faculty perspectives,1
 technological & pedagogical aspects,1
multiplatform adaptation,1
 client mobile software,1
 design principles,1
 location based adaptive mobile learning,1
adaptativity,1
 learner context,1
 lip,1
nomadic learning,1
 context-aware hypermedia,1
 geospatial hypermedia,1
 physical linking,1
 tagging,1
gender,1
 ethnicity,1
 literature survey,1
 technological competence,1
continuing education,1
 human activity recognition,1
assessment,1
 students interaction,1
 students attendance,1
 pro-gramming lab,1
 course learning outcome,1
 e-learning platform,1
 critical factors,1
 pre-service teachers,1
 hologram,1
 ludo game,1
 molecular shapes,1
e – learning,1
 e-learning quality,1
 competency-based approach,1
online-classrooms,1
 authoring system,1
 feed-back,1
user experience (ux),1
 automated ux evaluation,1
 ux evaluation,1
 moderated ux evaluation,1
disruptive education,1
 edukit,1
 entrepreneurship learning,1
 experimental learning,1
disruptive media,1
 educational innovation background,1
 students participation,1
 creative thinking,1
smart electrical device control,1
 mobile hmd,1
 entry behavior,1
 real-world activities,1
edutainment,1
 educational music video,1
 video-based learning,1
 children learning,1
remedial teaching,1
 chinese radicals,1
 wot,1
 search engine,1
 multi agent system,1
 immersive virtual reality,1
 tethered hmd,1
kvisoft flipbook,1
 cybersickness,1
 simulator sickness,1
 cybersickness reduction guidelines.,1
 stem education,1
 systematic,1
mobile e-learning platform,1
 assessment for learning,1
multi-uav,1
 flying ad hoc networks,1
 topology-based routing protocol,1
 gauss markov,1
 flying altitude,1
 redox reaction,1
intrusion detection,1
 cloud market,1
 adaptive,1
 safety training,1
 hazard,1
 microb,1
 science learning,1
botswana,1
 boundary crossing,1
 whatsapp,1
mobile parenting training program,1
 parenting skills,1
 parental locus of control,1
 computational thinking elements,1
 qualitative,1
educational data mining,1
 multiple criterion decision making,1
 decision trees,1
 and logistic regressions,1
 opcodes,1
 recurrent neural networks,1
multi criteria decision making,1
time division duplex,1
 scheduling,1
 radio resource allocation,1
 5g nr,1
olsr routing protocol,1
 random mobility,1
 group mobility,1
 users preference,1
 educational website,1
 interface,1
web usability,1
 security mechanism,1
 fuzzy integral,1
 malicious nodes,1
 redox,1
organic chemistry,1
 stem approach,1
 physical education,1
 movement competency training,1
 flexible learning,1
e-learning module,1
 semiconductor power components,1
 inverter system,1
 farm monitoring,1
e-module,1
 ethnomathematics,1
 building space,1
 education 3.0,1
engagement,1
 academic performance,1
 testing effect,1
 web quizzing,1
android-based interactive e-modules,1
 trigonometrics,1
 psychological and pedagogical barriers,1
 psychology of mobile education,1
 smart monitoring,1
 smart voice assistants,1
sensor fusion,1
 time shifted routing,1
 multicast routing,1
 scalable,1
 location-based routing,1
distance education,1
 mobile devices.,1
adaptive systems,1
 information retrieval,1
 museums,1
 unsupervised learning,1
ad-hoc messaging network,1
 mobile ad-hoc network,1
 network simulation,1
 store and foreward message propagation,1
 environmental study,1
 contextual learning,1
 just-in-time learning,1
 learning by doing,1
 wearable computer,1
 computer augmented environment,1
 cooperative activities,1
context-awareness,1
 mobile aided learning,1
 career preference,1
 digital technology,1
 digital skill,1
flexibility,1
mobile ad hoc networks,1
 preschool student,1
 sinric pro,1
 scalability,1
 ant colony,1
 3d-simulation,1
correspondence analysis,1
 teaching method,1
 multimedia learning,1
 demonstration video,1
 food science learning,1
 food science education,1
social networks apps,1
 tourism marketing,1
 tourism organization,1
mobile cloud storage,1
 data management,1
 alternative learning,1
 higher institution,1
 orientation app,1
self- service kiosk (ssk),1
 self-service technologies (sst),1
 socio-technological issues.,1
 twitter,1
 twitter database,1
digital comics media,1
 teaching science,1
text mining,1
bilingual application,1
 color learning,1
careem application,1
 family confidence and women empowerment,1
 e-word of mouth,1
tsunami evacuation drill,1
online psychological assessment,1
 assessment skills training,1
 academic life,1
 3d geometric thinking,1
 junior high school students,1
 6e instructional 3d geometric model,1
computational thinking,1
 board game             ,1
          design and development research ,1
 evaluation                 ,1
aquatic ecosystem,1
 smote,1
 map-based tsunami simulation,1
 maths,1
 web system,1
 disaster education,1
machine element applications,1
 distance,1
motor skills,1
 exercise,1
 agility,1
 sensor technology,1
essential competencies,1
 pre-teacher,1
 construction and housing engineering expertise program,1
 english as second language (esl),1
 traditional game,1
 physics learning,1
 learning tools,1
 qoe,1
 rcts,1
 learning outcome,1
 metaverse studio,1
animation media,1
 solar system,1
interactive simulatation,1
 physics concepts,1
mix code,1
 gen z,1
 sociolinguistics,1
lav-fis ,1
 field-based learning,1
 virtual,1
interactive media,1
 professional teacher development,1
hydroponics,1
 smart agriculture,1
 notification,1
digital game,1
 wordwall,1
 disruptive era,1
 hi world,1
 smart book,1
online training; gamification; game elements; engagement; employee,1
 music education,1
 bonnmotion software,1
 network simulation.,1
korean as a foreign language,1
 specific anthropomorphic mannequin (sam) head,1
 mobile application software,1
 existing building,1
 utilization,1
 factors influencing,1
 rural entrepreneurs,1
website development,1
 laravel,1
 sdlc,1
multiple input single output (miso),1
 stepped impedance resonator (sir),1
 long term evolution (lte),1
 return loss,1
 methods,1
bim,1
 student,1
 network service technology,1
facebook,1
 design model,1
mobile interaction,1
 comparative analysis,1
 zakat,1
interactive storytelling,1
 creative industry,1
youtube educational channel,1
 video-podcast,1
 elt,1
 operation and maintenance,1
 well-being,1
 korean language learning,1
smart learning,1
 cache management policies,1
consonant cluster,1
 onset,1
 traditional method,1
cloud computing technologies,1
 digital trends,1
 regional development,1
 socio-economic effects,1
 service level agreement,1
 deep reinforcement learning,1
 marital communication,1
 interpersonal relationships,1
cloud based learning,1
 mental and physical health,1
 peer learning.,1
lte-v,1
 best-cqi,1
 round robin,1
 proportional fair,1
 los,1
 character building,1
 student character,1
 orientation knowledge,1
 affective outcomes,1
interactive mobile technology,1
 interventions,1
 rural esl.,1
 ict-based intervention,1
 interactive teaching,1
 learning experience,1
orientation,1
 sound level,1
 hear rate,1
 light of intensity,1
internet,1
 learning autonomy,1
 hindrance,1
 rate of reaction,1
 chemical representation,1
u-learning,1
 programming,1
online learning,1
 immersive experience,1
 simulations,1
 media-tor analysis,1
online distance learning,1
 domain knowledge,1
 behavioral inten-tion,1
drones communication architectures,1
 uaanet drones network,1
 routing protocols,1
 optimized link state routing protocol (olsr) ad hoc on demand distance vector (aodv),1
 ad hoc network.,1
motor learning,1
 measuring instruments,1
 sensory technology,1
 led,1
energy save,1
 student development and success,1
digital readiness,1
book reader,1
 image-text conversion,1
 google cloud,1
 visual impairment people,1
school principals,1
 technological tools,1
 hearing-impaired students,1
 esl,1
 views,1
 challenges,1
digital comics,1
 cognitive learning outcome,1
digital story,1
 linguistic intelligence,1
 mindfulness,1
 corona pandemic.,1
3-d shapes,1
 geogebra,1
 prospective elementary teachers,1
skype,1
 online platforms,1
 malaysian undergradu-ates,1
 e-service quality,1
 manufacturing,1
 digital health,1
 in-network caching,1
 caching strategy,1
 ndn,1
 preschool children,1
 smart gate,1
 smart shopping gate,1
iot application,1
 security of iot,1
 security triad,1
 performance expectancy,1
 biometric system,1
malware detection,1
 n-gram,1
 opcode,1
 grid search,1
usability testing,1
 user review,1
 threat modelling,1
 mining threat,1
 voice detection,1
 physical impairment technology,1
 interfacing esp8266.,1
 grades,1
 flask framework,1
 t-test,1
 cnn.,1
 system analyze,1
 graduation project,1
web applications,1
 secure socket layer (ssl),1
 radio frequency identification,1
barcode reader,1
 self-learning.,1
 reading skills,1
 wechat,1
cognitive abilities and distance learning,1
 intrinsic and extrinsic motivation,1
 methods of increasing interest in learning,1
 student interest in learning,1
 teacher motivation,1
 distance education and online learning.,1
social networks (sns),1
 user behavior,1
 skill enhancement,1
social media networks,1
 security information,1
 policy enforcement,1
 wsn.,1
human gait detection,1
 abnormal gait,1
the similarities,1
 differences,1
 mid-maturity,1
 gender-specific behaviours,1
software quality assurance,1
 software quality strategy,1
 software quality classifications,1
 auto encoder,1
 preschool students,1
 python,1
 security assessment tools,1
icn,1
creative thinking ability,1
english vocabulary,1
 keller personalized system of instruction,1
 facilities management,1
 didactic engineering,1
 quadric surfaces,1
 technology-enhanced learning,1
 adicction,1
 mexico.,1
contact tracing,1
 uavs,1
 wireless monitoring system,1
 wireless mesh networks,1
 geogebra.,1
surveillance system,1
cloud,1
 teachers perspective,1
 ict integration,1
 new normal era,1
 dropping out,1
 educational data mining,1
 eruptive technology,1
 disruptive technology,1
 garden,1
 interactive models,1
 special abilities,1
 digital 4.0,1
 teaching and learning module,1
 5e,1
strength of acid and base,1
 design development research,1
 face detection,1
 face tracking,1
 low-cost camera,1
 face mask.,1
 ecc,1
 ecdh,1
 instructional technology,1
 rsa,1
ar module,1
 project-based learning,1
 phase change,1
 stem,1
 communication tool,1
 collaboration tool,1
 communication skills,1
basic refinery,1
 visualization skills,1
 learning courseware,1
 technical employee,1
agency,1
 science media communication,1
 science communication,1
 philosophy of science,1
 emancipation,1
 self-reflexivity,1
 temperature system,1
 e-course,1
 lane detection,1
 design of mobile application,1
android programming,1
 fuzzy classification,1
computer skills,1
 its,1
 scaffolding,1
 technical skills,1
 cipp,1
data compression,1
 lempel-ziv-welch,1
 websockets,1
innovative,1
 e-therapy service,1
around device interaction (adi),1
 non-prescription drugs,1
 human-computer interaction (hci),1
 sensor-based interaction,1
wireless network,1
 key exchange,1
 asymmetric authentication,1
 mobile pedagogy,1
 education digital tools,1
 standards based instruction,1
 computer assisted instruction,1
medication,1
 pharmacy,1
mobile ad hoc network,1
 satisfaction,1
mobile healthcare application,1
 cyber-physical systems,1
remote laboratory,1
 manufacturing execution system,1
energy conversion in vehicles,1
 data processing and display,1
 labview application tool,1
 software tool for road tests,1
 agriculture,1
 mechatronics,1
 mobile interfaces,1
networking of higher education institutions,1
 network of remote laboratories,1
 sharing online resources,1
 instrumentation,1
 control,1
 color perception,1
 programmable logic controller,1
 structured text language,1
online experimentation,1
 social impact,1
 online training,1
 e-evaluation,1
privacy concerns,1
 purchase intention,1
 theory of planned behavior,1
google glass,1
 colorblindness,1
 color vision deficiency,1
 gateway load balancing,1
 integrated internet manet,1
 wlb-aodv,1
 aesthetics,1
 classified ads,1
 attribute based searching.,1
dna steganography,1
 hiding capacity,1
 data hiding,1
 data storage,1
dna computing,1
 quantum computation,1
 biocomputer,1
 molecular computation.,1
 opinion mining,1
 social value,1
keywords extraction,1
 adaptive gateway discovery,1
 special education.,1
 analytics,1
cloud data storage and processing security,1
 document key print,1
 qr codes,1
 experience,1
 ieee 802.15.4,1
 coastal environment,1
 ocean observing systems,1
 multi-hop,1
 position-based,1
 topology_based.,1
 arabic language processing,1
information extraction,1
 hadoop,1
 bmh,1
 hybrid framework,1
 islamic banking,1
 islamic finance,1
 instructional design model,1
geofencing,1
 geotagging,1
disaster management,1
 location based service,1
 volunteers,1
bluemix,1
 fuel efficiency,1
 gas station location,1
 monitoring,1
 head mounted display,1
 interactive learning environments,1
 dotnetrdf,1
 graphs,1
 turtle,1
 user profile..,1
 basic science process skills,1
 communication skill,1
 social performance,1
malware,1
 cloud environment,1
 static binary search,1
 enterprise-resource-planning,1
 manufacturing systems,1
 multipath,1
 ro,1
 3d object,1
 dictionary,1
 anggah - ungguhing,1
 balinese languages,1
 mother tongue,1
 waterfall model,1
 student response,1
lung cancer,1
 cad,1
 cnn and ct scan.,1
mrom,1
 manemo,1
 multihomed,1
 routing in data center networks.,1
 handoff.,1
 science experiment,1
 marpex,1
viva voce,1
 virtual coaching,1
 avatar,1
 anxiety.,1
flood management,1
 flood early warning system,1
 multi attribute decision making,1
 japanese,1
websitese-commerce platform,1
 dewata nawa sanga,1
 network management,1
 legacy systems,1
 early detection,1
 health dss,1
 behavioral intentions,1
 nursing staff,1
gesture recognition,1
 sign language,1
 video processing.,1
stem,1
 multiplication table,1
arabic,1
 mutawwif,1
 mobile gadget,1
cancer,1
 aurasma,1
 structures of data center networks,1
 daily prayer,1
mobile android,1
 entrepreneurial characteristic,1
 psychometric test,1
culinary recommendation,1
 ahp topsis,1
 fuzzy ahp,1
 innovation characteristics,1
 innovation resistance,1
 status quo bias,1
 indoor positioning system,1
cloud-based data center networks,1
 interview,1
 e-commerce.,1
marhime conceptual model,1
website usability,1
 effects of smartphones,1
chc,1
 cognitive abilities,1
 visual-spatial skills,1
 visual ability,1
 visual classiﬁcation,1
mobile health apps,1
 smartphoness,1
ad hoc,1
 node count,1
 ns2,1
 topology.,1
 website interactivity,1
 hearing impaired,1
 health information quality,1
evaluation,1
 instruction process,1
 cse-ucla,1
design quality,1
 housing quality,1
e-learning course,1
 indoor environmental comfort in buildings,1
 virtual labs,1
 cognitive processes,1
 direct manipulation,1
 hand tracking,1
 smartphones in teaching,1
 the use of smartphones,1
 egypt,1
 interactivity,1
 museum.,1
 engagement element,1
mobile online shopping,1
 consumers believe,1
 consumer attitude,1
 m-services.,1
citizens satisfaction,1
 m-commerce,1
 ease of use.,1
roadside units,1
 cyberattacks,1
 spam.,1
blockchain,1
 transactions,1
 decentralized architecture,1
 fake drugs,1
 smart contract,1
 ethereum.,1
 data security,1
 public communication,1
 political communication,1
marketing strategies,1
 bloggers,1
 marketing trends,1
 influencers,1
 dsr protocol,1
 threshold,1
 moodle-platform,1
 gam model,1
e-books,1
 print books,1
 student perceptions,1
 university of fort hare.,1
 education for all,1
 nonformal education,1
 moocs,1
game-based learning experience,1
 voice enabled,1
 speech assistant,1
 amazon alexa,1
mobile-government services,1
 utaut model.,1
 outdoor environment,1
 community,1
 conversation,1
 social capital,1
 conversion,1
google translation,1
 acceptance model,1
 source and target languages,1
 cultural differences,1
 uae.,1
cognitive flexibility,1
 task-switching,1
 working memory,1
 ray tracing,1
 indoor environment,1
 short word,1
 communication challenges,1
 slang,1
 hand anatomy,1
 bones,1
user behavior,1
 tangram puzzle,1
 smartphone ownership,1
energy,1
 sleep awake,1
 conditional transmission,1
 body sensors.,1
monitoring and controlling,1
 power electric system,1
 project management,1
 modelling,1
 industrialised building system (ibs).,1
 conventional video,1
rasch model,1
 construct validity,1
 test,1
 scientific reasoning,1
digital assessment,1
 assessment resources,1
 teacher attitude and perception,1
mobile phishing attacks,1
 web-based phishing attack,1
communications,1
 inhibition control,1
 attention control,1
 social networking sites (sns),1
 diabetic retinopathy,1
traffic congestion,1
 smart traffic,1
 traffic light control,1
 intelligent transportation system,1
 ant colony optimization,1
 smart mobility,1
 intelligent mobility.,1
 car safe,1
 detection,1
voice time,1
 take medication,1
 latitude and longitude information,1
mobile-heutagogy,1
 self-training,1
 student teachers,1
 pedagogical change,1
 teaching technology,1
motor safe,1
 motorbike,1
 acceleration,1
 questionnaire,1
 elderly system,1
 household account,1
road information,1
 road width,1
 object detection,1
 worship,1
islamic religious education,1
 future specialists,1
 ict tools,1
 search engines,1
team management,1
 ibeacon,1
 core location,1
 ios application,1
digital media,1
 character education,1
 thematic-integrative,1
abstract this study aims to reveal students' profile of digital ethics in su-rakarta city,1
 indonesia. current technological trends generate significant implica-tions for the technological digitalizations to all parts of human lives. information and commu,1
anonymous question-raising,1
 flipped classroom,1
 machine-learning,1
 credit card fraud,1
 customer profile,1
 transaction profile,1
 mobile signal coverage,1
 social application,1
 data sharing,1
e-learning system,1
 actual use,1
 saudi universities.,1
 social skills,1
 social stories,1
 analytical competence,1
 full word,1
 uniapp approach,1
 cross layer,1
 autism spectrum disorder,1
 tree structure,1
 malicious activity,1
 nbs,1
 security api,1
hearing-impaired and blind,1
cross-platform development,1
 windows phone 7,1
 mda approach,1
mobile-based assessment,1
skiing ingjuries,1
 ski patroller.,1
mobile game application,1
 retailing,1
 balinese traditional food,1
 mobile-based evaluation systems,1
 interactive educational applications,1
 course management system,1
 semantic web.,1
 d-learning,1
 android systems,1
 real-time information.,1
head mounted display,1
 head motion estimation,1
 natural user interface,1
awareness,1
 readiness,1
 recursive algorithm,1
 education.,1
 information extracting,1
 developmental disabilities,1
 broadcasting,1
 mobile application for children,1
 child-computer interaction (cci),1
 mobile learning.,1
mobile telemonitoring system,1
 web-based framework,1
 wireless and mobile computing,1
 telehealth,1
 instructional approaches,1
 pedagogical activities,1
 social constructivism,1
ict,1
 augmentative and alternative communication (aac),1
 educational ontology,1
 computer assisted learning (cal),1
 computer assisted instruction (cai),1
 ipod,1
 pheromone,1
 children with autism,1
computer aided education,1
 thermo-optical plant,1
body sensor networks,1
 medical services,1
 pervasive computing,1
 ubiquitous computing.,1
 question answering,1
 cooperative learning,1
 jigsaw,1
3d map,1
cloud-based learning,1
 multi-agents,1
 imls,1
 network monitoring,1
 response time,1
 science education,1
disaster complaint,1
 smart mobile phone application,1
mobile augmented book,1
 mobile learning management system,1
mobile sms,1
 sentence paraphrasing,1
 english for medical purposes,1
 computer studies,1
 graphical processing unit,1
 design research,1
 ict in nigeria,1
audience response system,1
 face-to-face lecture,1
 wearable technology,1
video summarization,1
 key frame extraction,1
 video skimming,1
 visual attention model,1
 computer vision,1
nteractive educational environment,1
 student empowerment,1
 jade,1
 oma supl,1
 telecom,1
 messaging,1
 support vector machine. in-core rendering,1
 out-of-core rendering,1
business data processing,1
 organizations,1
perceptual,1
 perceptual user interface (pui),1
 human computer interaction (hci),1
 serious games,1
 graphical user interface (gui),1
apps,1
 fashion apps,1
 mobile-media,1
 users,1
 actual usage,1
 behavioural intention,1
security education and awareness,1
 mdgbl,1
 arcs,1
mobile-assisted language learning,1
 english for specific purposes,1
context-aware services,1
 context management,1
geocoding,1
 lbs,1
 location,1
 road traffic accidents victims care,1
 mobile based application,1
pre hospital,1
 healthcare task modelling,1
situated simulation,1
 media aesthetics,1
 visualizing uncertainty,1
 interpretation,1
 digital reconstruction,1
the unified theory of acceptance and use of technology (utaut),1
 website-service quality,1
 performance expectancy (pe),1
 effort expectancy (ee),1
 social influence (si) and facilitating condition (fc).,1
 sensor networks,1
collaborative planning,1
 synchronous/asynchronous interaction,1
 health awareness,1
mimo,1
 ofdm,1
 wavelet,1
 eigen vectors component.,1
decision support,1
 pda,1
 mifare,1
 handover,1
 hand-off,1
 hands-on laboratory,1
 3g,1
cscw,1
 ict for development,1
digital society,1
 fourier series expansions,1
 lecture vodcast,1
classroom response systems,1
 audience response systems,1
 live feedback,1
 large audiences,1
 tablets,1
 social constructive learning.,1
sustainability,1
 outdoor learning,1
 experiential learning,1
 extramural learning,1
 user control,1
 mobile lecturing,1
mobile web apps,1
 teacher professional development,1
 native apps,1
 html5,1
 responsive web design,1
 ict4d,1
domotic,1
 home,1
 mhealth,1
 qr codes.,1
mobile tagging,1
 qr-code,1
 inferential statistics,1
 learning objects.,1
 mcscw,1
 software development frameworks,1
mobile assisted language learning (mall),1
 persuasion,1
 http connectivity,1
mobile portal,1
 pharmaceutical servies,1
 smart-phones,1
apple,1
 ruby on rails,1
 objective c,1
remote lab,1
 solar boilers,1
 computer networks,1
 mobile telephony,1
 educational applications,1
agent,1
 task-based learning,1
 mobile-government,1
 system flexibility,1
 web based training.,1
 curriculum,1
driver riskometer,1
 driver distraction,1
 cell phones,1
 motion classifier,1
nfc-based payment,1
 transaction protocol,1
 secure protocol,1
 internet of content,1
 adobe after effects,1
 video streaming,1
 tcp/ip,1
 mobile system,1
 transfer,1
 money,1
 m-wallet,1
 students' attitudes,1
 demodulator,1
 eye pattern,1
 matlab,1
 modulator,1
 qpsk.,1
mobile notification,1
 social network service (sns),1
 field study,1
learning support ict devices,1
 tablet pc,1
sign language,1
 wireless j2me,1
 java wireless communication technologies,1
 jsf,1
 jsp,1
 jms,1
 svg,1
 j2se,1
 client,1
 server,1
 handheld system,1
 undergraduate electrical engineering education,1
 astronomy education,1
 high order thinking skills,1
 isd,1
 mutation,1
 tsp,1
java programming,1
 mobile teaching,1
 serious gaming,1
 individual factors,1
 rural area,1
 english language,1
 grammar,1
 learning styles,1
 fslsm,1
 instructional system design,1
 addie,1
genetic algorithm,1
 higher learning institutions,1
 graduates,1
computerized observation,1
 observation systems,1
 computer-assisted direct observation programs,1
wsns,1
 network efficiency,1
 energy aware routing path,1
arabic speech recognition,1
 automated speech recognition (asr),1
 say quran,1
brand awareness,1
 crossover,1
 vui,1
 lunar phase,1
 impact on students learning,1
 optoelectronic,1
 uc1-ilab,1
laboratory experiments,1
 reuse of remote labs,1
 isa,1
 oscillator experiment,1
 remote laboratories.,1
esience project,1
 heat exchanger,1
 maghreb,1
 remote lab,1
mobile phone in classroom,1
 mobile phone actions in classroom.,1
 portal,1
 mobile language learning,1
agent assisted banking,1
 secured banking,1
smartphones,1
 addiction,1
 human behavior,1
 technology social factors.,1
telehomecare,1
 inter-agent communication,1
 information and communication technologies,1
visually impared,1
 audio books,1
 europe internet shopping,1
 e-business.,1
liquid spheres,1
 food ingredients,1
 solar observation,1
 solar diurnal motion,1
 3d content.,1
 faculty,1
 universities,1
web technologies,1
 field trip,1
 pervasive environment,1
 mobile learning scenario,1
 collaborative process integration,1
 geographic orchestration,1
cooking recipe recommendation,1
 object recognition,1
 operative systems,1
 digital communication,1
 emarketing.,1
 app,1
 destination branding,1
conductive,1
 elearning,1
 card,1
 android os,1
 educational services,1
 software development,1
 qt,1
 lunar observation,1
 dijkstras shortest path algorithm,1
computer network,1
 m3 evaluation framework,1
 mobile assisted english language learning,1
 terms and conditions,1
 software evaluation,1
mobile learning (m-learning),1
 electronic learning (e-learning),1
 mobile wireless,1
 students perceptions.,1
dijkstras shortest path algorithm,1
 mobile user interface,1
 user satisfaction,1
 lean manufacturing,1
 mobile device and muda (waste),1
orthogonal frequency division multiplexing,1
 entropy,1
 multiple-input multiple-output,1
middle school,1
 mathematics teachers,1
 teachers' attitudes,1
 teachers' decisions,1
educational programs,1
 physics education,1
context engine,1
 context-aware services,1
 semantic computing,1
e-reader devices,1
 amazon kindle,1
 smart hospital,1
 smart city,1
 service interoperability,1
 flic buttons,1
 primary levels,1
mhealth,1
 pregnancy,1
 healthcare informatics,1
 physical activity,1
 wearable sensors,1
discriminant analysis,1
 sms advertising,1
 infotainment,1
digital learning,1
 video games,1
 degree of competence,1
students,1
 iso standards.,1
 m-learning readiness,1
 m-learning adoption,1
 auto mechanic education,1
self-efficacy,1
 smart-phone application,1
mobile banking,1
 utaut2,1
 mass media,1
sequential pattern mining (spm),1
 video,1
 most important/difficult learning topics (midlt),1
moodle,1
tablet,1
 spoc,1
 service connectivity,1
 diagram representation,1
 culturally appropriate design,1
 gdss,1
iot solutions,1
 smart systems,1
 middleware,1
 data-flow,1
 learning activities,1
 mobile supported education,1
fingerprint,1
 sdk,1
 biometrics.,1
 office automation,1
 communication security,1
 technical criteria,1
 video classification,1
 autistic spectrum disorders,1
 emotional intelligence,1
research,1
 research activity,1
 process,1
 learning and methodical complex,1
 force touch,1
 touch based user interface,1
informal learning,1
 learning communities,1
quality assessment,1
 scale development,1
 pisa,1
 logical reasoning,1
 design guidelines,1
 fractions,1
color-blindness,1
 protanopia,1
 duteranopia,1
 tritanopia,1
 daltonization,1
 lms detonaization,1
 lab color,1
 skype media,1
 academic writing,1
 faculty member,1
 effectiveness,1
 mobile processing,1
 methodology,1
 development approach,1
 mcda,1
ubiquitous commerce,1
 ubiquitous computing,1
communication board,1
 deaf people,1
context-aware mobile application,1
 tourism application,1
 emotional engagement,1
 communication board,1
 activity of daily living,1
 user center design,1
 game design,1
 disturbance factor,1
educational mobile game,1
 fraud mitigation,1
cloud computing (cc),1
 artificial intelligence (ai),1
 machine learning (ml),1
 australian higher education sector,1
 teacher candidates,1
 mobile-assisted language learning (mall),1
 user experience (ux),1
 normalization,1
 online test,1
 design,1
foreign language learning,1
 telecollaboration,1
 e-tandem learning,1
user involvement,1
 occupational therapy,1
 health information technology,1
 mobile healthcare application,1
notification,1
 android smartphone,1
 academic,1
 announcement,1
deaf,1
 healthy phone,1
 the iconography interface,1
 online transportation application,1
 end-to-end security,1
 chatting,1
 md5,1
 mobile music,1
 recommender system,1
electronic learning,1
bandwidth,1
 control packet,1
constraints violation,1
 mobile database,1
 mobile database model,1
 object data model,1
 mobile content,1
 mobile news,1
 mobile advertising,1
 mobile books,1
 mobile television,1
digital communication,1
 mobile games,1
distributed information systems,1
 computer applications,1
 mobile communication and software,1
activity's characteristics,1
 technological environment,1
 students' emotions,1
 affect aspect,1
eaccessibility,1
 mobile accessibility,1
 assistive technology,1
 e-accessibility standards,1
 pro-activity,1
 multi-dimensional rating,1
multi-agent,1
 indoor positioning.,1
 dependable services,1
 muscial application,1
open access lab,1
 field measurements experiments,1
 broadband wireless,1
 wimax,1
 path loss,1
 propagation models,1
 and throughput,1
 mobile social networks,1
remote experimentation,1
 3d virtual environment,1
 open source,1
 open hardware,1
mobile learning design,1
 mobile collaborative learning objects,1
 informal learning.,1
mobile tracking,1
 software algorithms,1
 server performance study,1
 pilot test,1
 elderly feedback,1
 situated learning,1
 interdisciplinarity,1
wi-fi,1
 design for all,1
 on-line community,1
aes,1
aphasia,1
 tourist information system,1
 tourist application.,1
braille,1
 keyboard,1
 accessibility,1
 blindness,1
 visual impairment,1
mobile wireless sensor networks,1
 unmanned aerial vehicles,1
 sink platform,1
google apps,1
 impact,1
 mobile tablet,1
 students of medicine,1
 recovery,1
 cloud based applications,1
 mobile learning and mobile commerce,1
internet of everything,1
 remote and virtual laboratories,1
educational application,1
 virsbud.,1
email,1
 sender score,1
 reputation system,1
 blockchain,1
 marketing email,1
 semantic web technology,1
 mobile tourist guide,1
electronic tourist guide,1
 semiotic,1
 graduates of medicine,1
 medical english,1
multimedia message,1
 message size,1
 mms,1
 client-server application,1
mobile collaborative learning (mcl),1
 server side architecture,1
 client side  protocol,1
 group application,1
 cache server.,1
accessibility,1
 assistive technologies,1
 scenarios,1
 trends,1
 development,1
 mobile collaborative learning,1
 usability test,1
 usability factors,1
 game theory,1
 gaming in education,1
 open learner modeling,1
 perfomance-centered learning,1
 technology enhanced learning.,1
 bci,1
 society 5.0 era,1
